1.Insert in Loaction 

INSERT INTO Region_Location (Location_ID, City, State) VALUES
(1, 'Mumbai', 'Maharashtra'),
(2, 'Delhi', 'Delhi'),
(3, 'Bengaluru', 'Karnataka'),
(4, 'Hyderabad', 'Telangana'),
(5, 'Ahmedabad', 'Gujarat'),
(6, 'Chennai', 'Tamil Nadu'),
(7, 'Kolkata', 'West Bengal'),
(8, 'Surat', 'Gujarat'),
(9, 'Pune', 'Maharashtra'),
(10, 'Jaipur', 'Rajasthan'),
(11, 'Lucknow', 'Uttar Pradesh'),
(12, 'Kanpur', 'Uttar Pradesh'),
(13, 'Nagpur', 'Maharashtra'),
(14, 'Indore', 'Madhya Pradesh'),
(15, 'Thane', 'Maharashtra'),
(16, 'Bhopal', 'Madhya Pradesh'),
(17, 'Visakhapatnam', 'Andhra Pradesh'),
(18, 'Pimpri-Chinchwad', 'Maharashtra'),
(19, 'Patna', 'Bihar'),
(20, 'Vadodara', 'Gujarat'),
(21, 'Ghaziabad', 'Uttar Pradesh'),
(22, 'Ludhiana', 'Punjab'),
(23, 'Agra', 'Uttar Pradesh'),
(24, 'Nashik', 'Maharashtra'),
(25, 'Faridabad', 'Haryana'),
(26, 'Meerut', 'Uttar Pradesh'),
(27, 'Rajkot', 'Gujarat'),
(28, 'Kalyan-Dombivli', 'Maharashtra'),
(29, 'Vasai-Virar', 'Maharashtra'),
(30, 'Varanasi', 'Uttar Pradesh'),
(31, 'Srinagar', 'Jammu & Kashmir'),
(32, 'Aurangabad', 'Maharashtra'),
(33, 'Dhanbad', 'Jharkhand'),
(34, 'Amritsar', 'Punjab'),
(35, 'Navi Mumbai', 'Maharashtra'),
(36, 'Allahabad', 'Uttar Pradesh'),
(37, 'Ranchi', 'Jharkhand'),
(38, 'Howrah', 'West Bengal'),
(39, 'Coimbatore', 'Tamil Nadu'),
(40, 'Jabalpur', 'Madhya Pradesh'),
(41, 'Gwalior', 'Madhya Pradesh'),
(42, 'Vijayawada', 'Andhra Pradesh'),
(43, 'Jodhpur', 'Rajasthan'),
(44, 'Madurai', 'Tamil Nadu'),
(45, 'Raipur', 'Chhattisgarh'),
(46, 'Kota', 'Rajasthan'),
(47, 'Guwahati', 'Assam'),
(48, 'Chandigarh', 'Chandigarh'),
(49, 'Solapur', 'Maharashtra'),
(50, 'Hubli-Dharwad', 'Karnataka'),
(51, 'Bareilly', 'Uttar Pradesh'),
(52, 'Moradabad', 'Uttar Pradesh'),
(53, 'Mysore', 'Karnataka'),
(54, 'Gurgaon', 'Haryana'),
(55, 'Aligarh', 'Uttar Pradesh'),
(56, 'Jalandhar', 'Punjab'),
(57, 'Tiruchirappalli', 'Tamil Nadu'),
(58, 'Bhubaneswar', 'Odisha'),
(59, 'Salem', 'Tamil Nadu'),
(60, 'Mira-Bhayandar', 'Maharashtra'),
(61, 'Thiruvananthapuram', 'Kerala'),
(62, 'Bhiwandi', 'Maharashtra'),
(63, 'Saharanpur', 'Uttar Pradesh'),
(64, 'Guntur', 'Andhra Pradesh'),
(65, 'Amravati', 'Maharashtra'),
(66, 'Bikaner', 'Rajasthan'),
(67, 'Noida', 'Uttar Pradesh'),
(68, 'Jamshedpur', 'Jharkhand'),
(69, 'Bhilai', 'Chhattisgarh'),
(70, 'Cuttack', 'Odisha'),
(71, 'Firozabad', 'Uttar Pradesh'),
(72, 'Kochi', 'Kerala'),
(73, 'Bhavnagar', 'Gujarat'),
(74, 'Dehradun', 'Uttarakhand'),
(75, 'Durgapur', 'West Bengal'),
(76, 'Asansol', 'West Bengal'),
(77, 'Nanded', 'Maharashtra'),
(78, 'Kolhapur', 'Maharashtra'),
(79, 'Ajmer', 'Rajasthan'),
(80, 'Gulbarga', 'Karnataka');



2.Insert in Address

INSERT INTO Address (Address_ID, Street, City, State, Postal_code) VALUES
(1, 'MG Road', 'Mumbai', 'Maharashtra', '400001'),
(2, 'Church Street', 'Bengaluru', 'Karnataka', '560001'),
(3, 'Connaught Place', 'Delhi', 'Delhi', '110001'),
(4, 'Park Street', 'Kolkata', 'West Bengal', '700016'),
(5, 'Anna Salai', 'Chennai', 'Tamil Nadu', '600002'),
(6, 'SG Highway', 'Ahmedabad', 'Gujarat', '380054'),
(7, 'Banjara Hills', 'Hyderabad', 'Telangana', '500034'),
(8, 'FC Road', 'Pune', 'Maharashtra', '411004'),
(9, 'C G Road', 'Ahmedabad', 'Gujarat', '380009'),
(10, 'JLN Marg', 'Jaipur', 'Rajasthan', '302017'),
(11, 'Hazratganj', 'Lucknow', 'Uttar Pradesh', '226001'),
(12, 'Civil Lines', 'Kanpur', 'Uttar Pradesh', '208001'),
(13, 'Sitabuldi', 'Nagpur', 'Maharashtra', '440012'),
(14, 'MP Nagar', 'Bhopal', 'Madhya Pradesh', '462011'),
(15, 'New Market', 'Bhopal', 'Madhya Pradesh', '462003'),
(16, 'Lawsons Bay', 'Visakhapatnam', 'Andhra Pradesh', '530017'),
(17, 'Kalyani Nagar', 'Pune', 'Maharashtra', '411006'),
(18, 'Boring Road', 'Patna', 'Bihar', '800001'),
(19, 'Alkapuri', 'Vadodara', 'Gujarat', '390007'),
(20, 'Kavi Nagar', 'Ghaziabad', 'Uttar Pradesh', '201002'),
(21, 'Mall Road', 'Amritsar', 'Punjab', '143001'),
(22, 'Sapna Sangeeta Road', 'Indore', 'Madhya Pradesh', '452001'),
(23, 'VIP Road', 'Raipur', 'Chhattisgarh', '492001'),
(24, 'Vasant Vihar', 'Thane', 'Maharashtra', '400601'),
(25, 'Model Town', 'Ludhiana', 'Punjab', '141002'),
(26, 'Hinjawadi', 'Pune', 'Maharashtra', '411057'),
(27, 'Gomti Nagar', 'Lucknow', 'Uttar Pradesh', '226010'),
(28, 'DLF Phase 1', 'Gurgaon', 'Haryana', '122002'),
(29, 'Sector 62', 'Noida', 'Uttar Pradesh', '201309'),
(30, 'Gandhi Nagar', 'Jammu', 'Jammu & Kashmir', '180004'),
(31, 'Bypass Road', 'Varanasi', 'Uttar Pradesh', '221002'),
(32, 'Akurdi', 'Pimpri-Chinchwad', 'Maharashtra', '411035'),
(33, 'Kaloor', 'Kochi', 'Kerala', '682017'),
(34, 'Ashok Nagar', 'Udaipur', 'Rajasthan', '313001'),
(35, 'Chandni Chowk', 'Delhi', 'Delhi', '110006'),
(36, 'Sadar Bazar', 'Meerut', 'Uttar Pradesh', '250001'),
(37, 'MG Road', 'Indore', 'Madhya Pradesh', '452007'),
(38, 'Bariatu', 'Ranchi', 'Jharkhand', '834009'),
(39, 'Belur', 'Howrah', 'West Bengal', '711202'),
(40, 'R S Puram', 'Coimbatore', 'Tamil Nadu', '641002'),
(41, 'Rajendra Nagar', 'Patna', 'Bihar', '800016'),
(42, 'Nungambakkam', 'Chennai', 'Tamil Nadu', '600034'),
(43, 'Vidhyadhar Nagar', 'Jaipur', 'Rajasthan', '302023'),
(44, 'Ring Road', 'Surat', 'Gujarat', '395002'),
(45, 'Mahanagar', 'Lucknow', 'Uttar Pradesh', '226006'),
(46, 'Sakchi', 'Jamshedpur', 'Jharkhand', '831001'),
(47, 'Kankarbagh', 'Patna', 'Bihar', '800020'),
(48, 'Ambattur', 'Chennai', 'Tamil Nadu', '600053'),
(49, 'Madhapur', 'Hyderabad', 'Telangana', '500081'),
(50, 'Race Course Road', 'Bengaluru', 'Karnataka', '560001'),
(51, 'Malad West', 'Mumbai', 'Maharashtra', '400064'),
(52, 'Dharampeth', 'Nagpur', 'Maharashtra', '440010'),
(53, 'Aliganj', 'Lucknow', 'Uttar Pradesh', '226024'),
(54, 'Worli', 'Mumbai', 'Maharashtra', '400018'),
(55, 'Golf Green', 'Kolkata', 'West Bengal', '700095'),
(56, 'Navi Peth', 'Pune', 'Maharashtra', '411030'),
(57, 'Pratap Nagar', 'Jodhpur', 'Rajasthan', '342004'),
(58, 'Sadar', 'Nagpur', 'Maharashtra', '440001'),
(59, 'Bhawanipur', 'Kolkata', 'West Bengal', '700025'),
(60, 'Velachery', 'Chennai', 'Tamil Nadu', '600042'),
(61, 'Marine Lines', 'Mumbai', 'Maharashtra', '400020'),
(62, 'Civil Lines', 'Agra', 'Uttar Pradesh', '282002'),
(63, 'Sector 9', 'Faridabad', 'Haryana', '121006'),
(64, 'Cantonment', 'Jabalpur', 'Madhya Pradesh', '482001'),
(65, 'Manewada', 'Nagpur', 'Maharashtra', '440024'),
(66, 'Bhagwan Nagar', 'Nagpur', 'Maharashtra', '440027'),
(67, 'Vyttila', 'Kochi', 'Kerala', '682019'),
(68, 'Saket', 'Delhi', 'Delhi', '110017'),
(69, 'Sector 15', 'Chandigarh', 'Chandigarh', '160015'),
(70, 'Rohini', 'Delhi', 'Delhi', '110085'),
(71, 'Sector 22', 'Gurgaon', 'Haryana', '122001'),
(72, 'Dharavi', 'Mumbai', 'Maharashtra', '400017'),
(73, 'Hawa Mahal Road', 'Jaipur', 'Rajasthan', '302002'),
(74, 'Uppal', 'Hyderabad', 'Telangana', '500039'),
(75, 'Lajpat Nagar', 'Delhi', 'Delhi', '110024'),
(76, 'Sector 5', 'Panchkula', 'Haryana', '134109'),
(77, 'Channi Himmat', 'Jammu', 'Jammu & Kashmir', '180015'),
(78, 'Bodakdev', 'Ahmedabad', 'Gujarat', '380054'),
(79, 'Vashi', 'Navi Mumbai', 'Maharashtra', '400703'),
(80, 'Bandra West', 'Mumbai', 'Maharashtra', '400050');

3.Insert in Logger

INSERT INTO Logger (Logger_ID, First_name, Middle_name, Last_name) VALUES
(1, 'Raj', 'Kumar', 'Singh'),
(2, 'Anil', 'Pratap', 'Verma'),
(3, 'Sunil', 'Chandra', 'Sharma'),
(4, 'Vikram', 'Deep', 'Thakur'),
(5, 'Arun', 'Rajesh', 'Mishra'),
(6, 'Rakesh', 'Dev', 'Chauhan'),
(7, 'Amit', 'Singh', 'Yadav'),
(8, 'Ravi', 'Kumar', 'Patel'),
(9, 'Kiran', 'Lal', 'Choudhary'),
(10, 'Vijay', 'Kumar', 'Pandey'),
(11, 'Sandeep', 'Rao', 'Mehta'),
(12, 'Rajesh', 'Prasad', 'Jain'),
(13, 'Suresh', 'Chandra', 'Rathore'),
(14, 'Rohit', 'Dev', 'Bhatt'),
(15, 'Mahesh', 'Nath', 'Kapoor'),
(16, 'Dinesh', 'Narayan', 'Shukla'),
(17, 'Manoj', 'Vishnu', 'Joshi'),
(18, 'Prakash', 'Ratan', 'Desai'),
(19, 'Shiv', 'Nath', 'Mali'),
(20, 'Yogesh', 'Kiran', 'Bansal'),
(21, 'Nilesh', 'Kumar', 'Reddy'),
(22, 'Vinod', 'Pratap', 'Goyal'),
(23, 'Harish', 'Kumar', 'Dubey'),
(24, 'Naveen', 'Chandra', 'Pillai'),
(25, 'Mohan', 'Raj', 'Dhawan'),
(26, 'Sanjay', 'Anil', 'Kumar'),
(27, 'Ajay', 'Narayan', 'Choudhury'),
(28, 'Pankaj', 'Raj', 'Saxena'),
(29, 'Ashok', 'Kumar', 'Thakur'),
(30, 'Vivek', 'Lal', 'Rana'),
(31, 'Hemant', 'Rajesh', 'Tyagi'),
(32, 'Deepak', 'Narendra', 'Chandra'),
(33, 'Ganesh', 'Shiv', 'Rao'),
(34, 'Anup', 'Vikram', 'Bhagat'),
(35, 'Tarun', 'Kumar', 'Mehra'),
(36, 'Arvind', 'Kailash', 'Bora'),
(37, 'Balraj', 'Mohan', 'Trivedi'),
(38, 'Prem', 'Nath', 'Pathak'),
(39, 'Narendra', 'Dev', 'Sahu'),
(40, 'Sudhir', 'Prakash', 'Chopra'),
(41, 'Lokesh', 'Shankar', 'Nair'),
(42, 'Naresh', 'Raj', 'Yogi'),
(43, 'Jitendra', 'Singh', 'Rathod'),
(44, 'Harpreet', 'Singh', 'Maan'),
(45, 'Parag', 'Kumar', 'Ahluwalia'),
(46, 'Umesh', 'Prakash', 'Seth'),
(47, 'Suraj', 'Kumar', 'Mahajan'),
(48, 'Bhupendra', 'Singh', 'Gupta'),
(49, 'Shailesh', 'Kumar', 'Tripathi'),
(50, 'Tej', 'Singh', 'Deshmukh'),
(51, 'Kamlesh', 'Narayan', 'Rana'),
(52, 'Anirudh', 'Singh', 'Parihar'),
(53, 'Rajiv', 'Kumar', 'Pandit'),
(54, 'Sanjiv', 'Nath', 'Dixit'),
(55, 'Devendra', 'Kumar', 'Joshi'),
(56, 'Vishal', 'Kumar', 'Rao'),
(57, 'Kailash', 'Nath', 'Bharti'),
(58, 'Mahendra', 'Singh', 'Patil'),
(59, 'Yashpal', 'Kumar', 'Choudhary'),
(60, 'Gaurav', 'Raj', 'Rawat'),
(61, 'Santosh', 'Kumar', 'Negi'),
(62, 'Brijesh', 'Dev', 'Bhardwaj'),
(63, 'Raghav', 'Shankar', 'Nath'),
(64, 'Pranav', 'Vikram', 'Shah'),
(65, 'Sharad', 'Kumar', 'Solanki'),
(66, 'Deepesh', 'Ratan', 'Shinde'),
(67, 'Sachin', 'Kumar', 'Tiwari'),
(68, 'Kartik', 'Nath', 'Singh'),
(69, 'Mayank', 'Raj', 'Mishra'),
(70, 'Roshan', 'Nath', 'Verma'),
(71, 'Bharat', 'Narayan', 'Bisht'),
(72, 'Ashish', 'Vikram', 'Malhotra'),
(73, 'Niraj', 'Pratap', 'Arora'),
(74, 'Chirag', 'Singh', 'Jain'),
(75, 'Sumit', 'Narendra', 'Kaur'),
(76, 'Kamal', 'Raj', 'Purohit'),
(77, 'Navin', 'Prakash', 'Dhingra'),
(78, 'Rahul', 'Kumar', 'Mehta'),
(79, 'Parth', 'Singh', 'Chaudhary'),
(80, 'Ishaan', 'Nath', 'Bajpai');

4. Insert in Disposal_Method

INSERT INTO Disposal_Method (Disposal_Method_ID, Disposal_Method_Name) VALUES
(1, 'Landfill'),
(2, 'Incineration'),
(3, 'Composting'),
(4, 'Biodegradation'),
(5, 'Chemical Treatment');

5.Insert in Recycle Method

INSERT INTO Recycle_Method (Recycle_Method_ID, Recycle_Method_Name) VALUES
(1, 'Mechanical Recycling'),
(2, 'Chemical Recycling'),
(3, 'Thermal Recycling'),
(4, 'Biological Recycling'),
(5, 'Energy Recovery');

6.Insert in Facility

INSERT INTO Facility (Facility_ID, Address_ID, Facility_name, Owner_name) VALUES
(1, 1, 'GreenWood Processing Plant', 'Rajesh Kumar'),
(2, 2, 'Eco Timber Manufacturing', 'Amit Verma'),
(3, 3, 'Woodland Resources', 'Ravi Patel'),
(4, 4, 'Forest Works Inc.', 'Suresh Sharma'),
(5, 5, 'PrimeWood Solutions', 'Anil Gupta'),
(6, 6, 'NatureBuild Facility', 'Manoj Thakur'),
(7, 7, 'EcoPly Industries', 'Deepak Joshi'),
(8, 8, 'Sunrise Wood Plant', 'Naveen Mehta'),
(9, 9, 'GreenLine Woodworks', 'Kiran Rao'),
(10, 10, 'Forest Products Ltd.', 'Vinod Jain'),
(11, 11, 'TimberCrafts', 'Harish Patel'),
(12, 12, 'Earthwise Solutions', 'Ashok Kapoor'),
(13, 13, 'NatureWood Inc.', 'Arvind Desai'),
(14, 14, 'Timber Dynamics', 'Vijay Malhotra'),
(15, 15, 'EnviroWood', 'Santosh Rao'),
(16, 16, 'Wood Source Corp.', 'Rakesh Yadav'),
(17, 17, 'GreenLife Manufacturing', 'Mohan Pillai'),
(18, 18, 'TimberTech Ltd.', 'Sanjay Tyagi'),
(19, 19, 'Green Wood Solutions', 'Anand Tiwari'),
(20, 20, 'Earth Timber', 'Hemant Sharma'),
(21, 21, 'EcoBoard Industries', 'Parag Dubey'),
(22, 22, 'Sustainable Timber Ltd.', 'Bhavesh Jain'),
(23, 23, 'BioPly Ltd.', 'Ravi Singh'),
(24, 24, 'WoodSmart Facility', 'Ajay Kumar'),
(25, 25, 'Forest Friendly Plant', 'Tej Chauhan'),
(26, 26, 'Timber Alliance', 'Rajiv Kumar'),
(27, 27, 'BioWood Works', 'Narendra Gupta'),
(28, 28, 'Natural Resources Facility', 'Aman Verma'),
(29, 29, 'Eco Wood Systems', 'Sunil Rathi'),
(30, 30, 'GreenCircle Products', 'Balraj Mehta'),
(31, 31, 'Eco Timber Works', 'Deepak Choudhury'),
(32, 32, 'Sustainable Solutions', 'Shyam Deshmukh'),
(33, 33, 'Forest Innovations', 'Hemant Kapoor'),
(34, 34, 'WoodEco Plant', 'Raj Prasad'),
(35, 35, 'Prime Ply Solutions', 'Sachin Rao'),
(36, 36, 'TimberPro Ltd.', 'Vivek Chopra'),
(37, 37, 'NaturalPlank', 'Lokesh Jain'),
(38, 38, 'BioResource Corp.', 'Shiv Agrawal'),
(39, 39, 'Green Timbers', 'Navin Bansal'),
(40, 40, 'EcoWise Plant', 'Vikas Tripathi'),
(41, 41, 'WoodPlast Solutions', 'Rohit Das'),
(42, 42, 'Eco Forest Products', 'Yogesh Singh'),
(43, 43, 'ForestMax Solutions', 'Gaurav Thakur'),
(44, 44, 'TimberSource Industries', 'Anand Kaur'),
(45, 45, 'EcoCore Ltd.', 'Prakash Yogi'),
(46, 46, 'Green Innovations Facility', 'Harpreet Bajaj'),
(47, 47, 'BioWorks Inc.', 'Bharat Naidu'),
(48, 48, 'PureTimber Plant', 'Umesh Garg'),
(49, 49, 'Greenfield Products', 'Rajesh Tiwari'),
(50, 50, 'EcoTree Manufacturing', 'Suresh Desai'),
(51, 51, 'NatureWorks Facility', 'Ganesh Verma'),
(52, 52, 'SustainableCraft', 'Rohit Rao'),
(53, 53, 'Bio Timber Co.', 'Tejas Reddy'),
(54, 54, 'TimberWorks Facility', 'Vikram Choudhary'),
(55, 55, 'ForestWise Plant', 'Dev Patel'),
(56, 56, 'EcoGen Timber', 'Kailash Arora'),
(57, 57, 'NatureWood Solutions', 'Mahesh Malhotra'),
(58, 58, 'TimberCare Industries', 'Ravi Bhandari'),
(59, 59, 'EnviroTimber', 'Nitin Jain'),
(60, 60, 'Eco Dynamics', 'Pradeep Singh'),
(61, 61, 'GreenProcess Plant', 'Manoj Joshi'),
(62, 62, 'EcoPlanet Industries', 'Yash Sharma'),
(63, 63, 'ForestPly', 'Navin Agarwal'),
(64, 64, 'Prime Resources', 'Ajay Pandit'),
(65, 65, 'GreenCore Plant', 'Arun Kumar'),
(66, 66, 'Eco Resource Works', 'Sanjay Khanna'),
(67, 67, 'ForestPro Facility', 'Rakesh Mehta'),
(68, 68, 'WoodHub', 'Rohit Shah'),
(69, 69, 'Eco Innovations', 'Rahul Vyas'),
(70, 70, 'BioSphere Facility', 'Raghav Tripathi'),
(71, 71, 'EarthLine Timber', 'Kamlesh Yadav'),
(72, 72, 'GreenTrack Plant', 'Naveen Kumar'),
(73, 73, 'Eco Timber Processing', 'Vikrant Patel'),
(74, 74, 'GreenWays Manufacturing', 'Shailesh Rawat'),
(75, 75, 'TimberEdge', 'Anuj Verma'),
(76, 76, 'WoodRidge Plant', 'Prem Chandra'),
(77, 77, 'Forest Line Industries', 'Narendra Rai'),
(78, 78, 'Sustainable Timberworks', 'Brijesh Kaul'),
(79, 79, 'GreenMile Facility', 'Tarun Goel'),
(80, 80, 'WoodStock Inc.', 'Dharmendra Gupta');









7.Insert in Customer

INSERT INTO Customer (Customer_ID, Customer_name) VALUES
(1, 'Ravi Sharma'),
(2, 'Anita Verma'),
(3, 'Kiran Patel'),
(4, 'Sunil Joshi'),
(5, 'Meera Kapoor'),
(6, 'Vikram Gupta'),
(7, 'Priya Desai'),
(8, 'Rajesh Kumar'),
(9, 'Neha Rao'),
(10, 'Amit Singh'),
(11, 'Suresh Yadav'),
(12, 'Manisha Mehta'),
(13, 'Dinesh Agarwal'),
(14, 'Lata Prasad'),
(15, 'Vijay Bhatt'),
(16, 'Naveen Jain'),
(17, 'Pooja Malhotra'),
(18, 'Ramesh Chauhan'),
(19, 'Shalini Nair'),
(20, 'Vikas Chandra'),
(21, 'Aarti Pillai'),
(22, 'Rohit Mishra'),
(23, 'Nisha Tiwari'),
(24, 'Anil Kapoor'),
(25, 'Suman Das'),
(26, 'Ashok Sinha'),
(27, 'Seema Rai'),
(28, 'Mohan Dubey'),
(29, 'Geeta Reddy'),
(30, 'Harish Bhatia'),
(31, 'Lalit Joshi'),
(32, 'Pooja Deshmukh'),
(33, 'Aman Saxena'),
(34, 'Ritu Nanda'),
(35, 'Sanjay Verma'),
(36, 'Neelam Chaudhary'),
(37, 'Aakash Chopra'),
(38, 'Shivani Rathore'),
(39, 'Raj Malhotra'),
(40, 'Rekha Goyal'),
(41, 'Ravi Tripathi'),
(42, 'Sonia Mehra'),
(43, 'Devendra Solanki'),
(44, 'Karuna Rawat'),
(45, 'Nirmal Shetty'),
(46, 'Shreya Singh'),
(47, 'Ajay Kumar'),
(48, 'Bhavna Mehta'),
(49, 'Suraj Patel'),
(50, 'Vidya Pandey'),
(51, 'Rohan Kaur'),
(52, 'Priyanka Rathi'),
(53, 'Narendra Chauhan'),
(54, 'Meghna Dixit'),
(55, 'Alok Sharma'),
(56, 'Sarita Ghosh'),
(57, 'Rakesh Yadav'),
(58, 'Smita Jain'),
(59, 'Umesh Rane'),
(60, 'Manoj Shukla'),
(61, 'Indira Singh'),
(62, 'Ashwin Taneja'),
(63, 'Rashmi Nair'),
(64, 'Nikhil Kapoor'),
(65, 'Sneha Bansal'),
(66, 'Vishal Choudhary'),
(67, 'Kavita Sahu'),
(68, 'Arjun Dev'),
(69, 'Ishita Agarwal'),
(70, 'Tarun Chopra'),
(71, 'Namrata Verma'),
(72, 'Anand Narayan'),
(73, 'Leena Joshi'),
(74, 'Kailash Kothari'),
(75, 'Siddharth Shetty'),
(76, 'Rani Trivedi'),
(77, 'Mahesh Desai'),
(78, 'Sunita Vaidya'),
(79, 'Rahul Yadav'),
(80, 'Anjana Rana');

8.Insert in Logger

INSERT INTO Logger_Contact (Logger_ID, Contact_number) VALUES
(1, '9876543210'),
(2, '8765432109'),
(3, '7654321098'),
(4, '6543210987'),
(5, '5432109876'),
(6, '4321098765'),
(7, '3210987654'),
(8, '2109876543'),
(9, '1098765432'),
(10, '9988776655'),
(11, '8877665544'),
(12, '7766554433'),
(13, '6655443322'),
(14, '5544332211'),
(15, '4433221100'),
(16, '3322110099'),
(17, '2211009988'),
(18, '1100998877'),
(19, '9098765432'),
(20, '8098765432'),
(21, '7098765432'),
(22, '6098765432'),
(23, '5098765432'),
(24, '4087654321'),
(25, '3087654321'),
(26, '2087654321'),
(27, '1087654321'),
(28, '9987665544'),
(29, '8876554433'),
(30, '7765443322'),
(31, '6654332211'),
(32, '5543221100'),
(33, '4432110099'),
(34, '3321009988'),
(35, '2210098877'),
(36, '1100987766'),
(37, '9087654321'),
(38, '8076543210'),
(39, '7065432109'),
(40, '6054321098'),
(41, '5043210987'),
(42, '4032109876'),
(43, '3021098765'),
(44, '2010987654'),
(45, '1009876543'),
(46, '9998887776'),
(47, '8887776665'),
(48, '7776665554'),
(49, '6665554443'),
(50, '5554443332'),
(51, '4443332221'),
(52, '3332221110'),
(53, '2221110009'),
(54, '1110009998'),
(55, '9008877665'),
(56, '8007766554'),
(57, '7006655443'),
(58, '6005544332'),
(59, '5004433221'),
(60, '4003322110'),
(61, '3002211009'),
(62, '2001100998'),
(63, '1000098877'),
(64, '9988776654'),
(65, '8877665543'),
(66, '7766554432'),
(67, '6655443321'),
(68, '5544332210'),
(69, '4433221109'),
(70, '3322110098'),
(71, '2211009987'),
(72, '1100998876'),
(73, '9099887765'),
(74, '8098776654'),
(75, '7097665543'),
(76, '6096554432'),
(77, '5095443321'),
(78, '4084332210'),
(79, '3083221109'),
(80, '2082110098');








9.Insert in Processing_Stage

INSERT INTO Processing_Stage (Processing_stage_ID, Processing_stage_name) VALUES
(1, 'Sawing'),
(2, 'Drying'),
(3, 'Planing'),
(4, 'Moulding'),
(5, 'Sanding'),
(6, 'Grading'),
(7, 'Treating'),
(8, 'Finishing');

10.Insert in Manufacturer_Address

INSERT INTO Manufacture_Address (Street, City, State, Postal_code) VALUES
('123 Green Lane', 'Mumbai', 'Maharashtra', '400001'),
('456 Oak Street', 'Delhi', 'Delhi', '110001'),
('789 Pine Avenue', 'Bengaluru', 'Karnataka', '560001'),
('101 Maple Drive', 'Chennai', 'Tamil Nadu', '600001'),
('202 Birch Road', 'Kolkata', 'West Bengal', '700001'),
('303 Cedar Boulevard', 'Hyderabad', 'Telangana', '500001'),
('404 Elm Street', 'Ahmedabad', 'Gujarat', '380001'),
('505 Walnut Crescent', 'Pune', 'Maharashtra', '411001'),
('606 Cherry Lane', 'Jaipur', 'Rajasthan', '302001'),
('707 Chestnut Court', 'Lucknow', 'Uttar Pradesh', '226001'),
('808 Willow Way', 'Surat', 'Gujarat', '395001'),
('909 Redwood Boulevard', 'Nagpur', 'Maharashtra', '440001'),
('1010 Fir Place', 'Indore', 'Madhya Pradesh', '452001'),
('1111 Ash Drive', 'Patna', 'Bihar', '800001'),
('1212 Hickory Street', 'Chandigarh', 'Chandigarh', '160001'),
('1313 Poplar Road', 'Bhopal', 'Madhya Pradesh', '462001'),
('1414 Pine Hill', 'Coimbatore', 'Tamil Nadu', '641001'),
('1515 Cedar Lane', 'Ludhiana', 'Punjab', '141001'),
('1616 Elmwood Drive', 'Gurugram', 'Haryana', '122001'),
('1717 Maple Street', 'Vijayawada', 'Andhra Pradesh', '520001'),
('1818 Oakridge Lane', 'Agra', 'Uttar Pradesh', '282001'),
('1919 Birch Court', 'Noida', 'Uttar Pradesh', '201301'),
('2020 Redwood Road', 'Vadodara', 'Gujarat', '390001'),
('2121 Willow Street', 'Meerut', 'Uttar Pradesh', '250001'),
('2222 Chestnut Hill', 'Kanpur', 'Uttar Pradesh', '208001'),
('2323 Ashwood Avenue', 'Madurai', 'Tamil Nadu', '625001'),
('2424 Fir Road', 'Bhubaneswar', 'Odisha', '751001'),
('2525 Pine Lane', 'Tiruchirappalli', 'Tamil Nadu', '620001'),
('2626 Cedar Crescent', 'Rajkot', 'Gujarat', '360001'),
('2727 Oakwood Drive', 'Thane', 'Maharashtra', '400601'),
('2828 Maple Road', 'Faridabad', 'Haryana', '121001'),
('2929 Redwood Street', 'Patiala', 'Punjab', '147001'),
('3030 Chestnut Road', 'Jammu', 'Jammu & Kashmir', '180001'),
('3131 Ashwood Crescent', 'Kochi', 'Kerala', '682001'),
('3232 Willow Hill', 'Vellore', 'Tamil Nadu', '632001'),
('3333 Poplar Avenue', 'Ranchi', 'Jharkhand', '834001'),
('3434 Pinewood Lane', 'Agartala', 'Tripura', '799001'),
('3535 Cedar Court', 'Durgapur', 'West Bengal', '713201'),
('3636 Oak Drive', 'Mysuru', 'Karnataka', '570001'),
('3737 Maple Crescent', 'Kochi', 'Kerala', '682005'),
('3838 Redwood Avenue', 'Kurnool', 'Andhra Pradesh', '518001'),
('3939 Chestnut Boulevard', 'Jalandhar', 'Punjab', '144001'),
('4040 Willow Court', 'Gaya', 'Bihar', '823001'),
('4141 Ashwood Hill', 'Kollam', 'Kerala', '691001'),
('4242 Fir Crescent', 'Ambala', 'Haryana', '134001'),
('4343 Pine Avenue', 'Dibrugarh', 'Assam', '786001'),
('4444 Cedar Street', 'Udaipur', 'Rajasthan', '313001'),
('4545 Oak Court', 'Jammu', 'Jammu & Kashmir', '180002'),
('4646 Maple Boulevard', 'Silchar', 'Assam', '788001'),
('4747 Redwood Crescent', 'Mangalore', 'Karnataka', '575001'),
('4848 Chestnut Avenue', 'Aurangabad', 'Maharashtra', '431001'),
('4949 Willow Boulevard', 'Siliguri', 'West Bengal', '734001'),
('5050 Ash Street', 'Bhopal', 'Madhya Pradesh', '462010'),
('5151 Fir Boulevard', 'Bareilly', 'Uttar Pradesh', '243001'),
('5252 Pinewood Avenue', 'Aligarh', 'Uttar Pradesh', '202001'),
('5353 Cedar Hill', 'Jamshedpur', 'Jharkhand', '831001'),
('5454 Oakwood Boulevard', 'Cuttack', 'Odisha', '753001'),
('5555 Maple Court', 'Guwahati', 'Assam', '781001'),
('5656 Redwood Crescent', 'Hazaribagh', 'Jharkhand', '825301'),
('5757 Chestnut Hill', 'Bikaner', 'Rajasthan', '334001'),
('5858 Willow Avenue', 'Sonipat', 'Haryana', '131001'),
('5959 Ash Lane', 'Raipur', 'Chhattisgarh', '492001'),
('6060 Fir Avenue', 'Jabalpur', 'Madhya Pradesh', '482001'),
('6161 Pine Boulevard', 'Puducherry', 'Puducherry', '605001'),
('6262 Cedar Boulevard', 'Kozhikode', 'Kerala', '673001'),
('6363 Oakwood Crescent', 'Gwalior', 'Madhya Pradesh', '474001'),
('6464 Maple Hill', 'Bhubaneswar', 'Odisha', '751004'),
('6565 Redwood Street', 'Shivpuri', 'Madhya Pradesh', '473551'),
('6666 Chestnut Lane', 'Karnal', 'Haryana', '132001'),
('6767 Willow Crescent', 'Navi Mumbai', 'Maharashtra', '400705'),
('6868 Ashwood Avenue', 'Raichur', 'Karnataka', '584101'),
('6969 Fir Hill', 'Baran', 'Rajasthan', '325205'),
('7070 Pine Lane', 'Dewas', 'Madhya Pradesh', '455001'),
('7171 Cedar Road', 'Tumkur', 'Karnataka', '572101'),
('7272 Oak Boulevard', 'Kochi', 'Kerala', '682003'),
('7373 Maple Drive', 'Jammu', 'Jammu & Kashmir', '180008'),
('7474 Redwood Avenue', 'Jabalpur', 'Madhya Pradesh', '482002'),
('7575 Chestnut Crescent', 'Bokaro', 'Jharkhand', '827001'),
('7676 Willow Boulevard', 'Gurugram', 'Haryana', '122018'),
('7777 Ashwood Lane', 'Patna', 'Bihar', '800005'),
('7878 Fir Boulevard', 'Nellore', 'Andhra Pradesh', '524001'),
('7979 Pinewood Road', 'Varanasi', 'Uttar Pradesh', '221001'),
('8080 Cedar Crescent', 'Jalna', 'Maharashtra', '431203');






11.Insert in Region

INSERT INTO Region (RegionID, Region_name, R_Treecount_ID, Area, Location_ID) VALUES
(1, 'Sundarbans', 1, 5000, 1),
(2, 'Western Ghats', 2, 2500, 2),
(3, 'Kailash Sacred Landscape', 3, 3000, 3),
(4, 'Kanha National Park', 4, 1200, 4),
(5, 'Ranthambore', 5, 1000, 5),
(6, 'Periyar Tiger Reserve', 6, 1100, 6),
(7, 'Corbett Tiger Reserve', 7, 1300, 7),
(8, 'Sariska Tiger Reserve', 8, 700, 8),
(9, 'Kaziranga National Park', 9, 1150, 9),
(10, 'Manas National Park', 10, 2800, 10),
(11, 'Bandhavgarh National Park', 11, 1050, 11),
(12, 'Gir National Park', 12, 1300, 12),
(13, 'Jim Corbett National Park', 13, 1300, 13),
(14, 'Nanda Devi and Valley of Flowers', 14, 3000, 14),
(15, 'Tropical Wet Evergreen Forests', 15, 1500, 15),
(16, 'Great Himalayan National Park', 16, 4200, 16),
(17, 'Nilgiri Biosphere Reserve', 17, 1300, 17),
(18, 'Madhya Pradesh Forest Region', 18, 15000, 18),
(19, 'North East India Forest Region', 19, 22000, 19),
(20, 'Rajasthan Arid Zone', 20, 3000, 20),
(21, 'Andaman & Nicobar Islands', 21, 8000, 21),
(22, 'Bhitarkanika Mangrove Reserve', 22, 500, 22),
(23, 'Madhya Pradesh', 23, 10000, 23),
(24, 'Kumarakom Bird Sanctuary', 24, 240, 24),
(25, 'Sundarbans Tiger Reserve', 25, 6000, 25),
(26, 'Loktak Lake Wetland', 26, 300, 26),
(27, 'Keoladeo National Park', 27, 290, 27),
(28, 'Chilika Lake', 28, 1000, 28),
(29, 'Assam Forests', 29, 12000, 29),
(30, 'North Western Ghats', 30, 2300, 30),
(31, 'Nanda Devi', 31, 800, 31),
(32, 'Sikkim Himalayan Biodiversity', 32, 1400, 32),
(33, 'Nilgiri Wildlife Sanctuary', 33, 2500, 33),
(34, 'Dudhwa National Park', 34, 1300, 34),
(35, 'Sikhote-Alin Biosphere Reserve', 35, 2500, 35),
(36, 'Sundarbans Reserve Forest', 36, 7000, 36),
(37, 'Tungabhadra Forests', 37, 1100, 37),
(38, 'Kumaon Himalayas', 38, 5000, 38),
(39, 'West Bengal Forests', 39, 11000, 39),
(40, 'Tamil Nadu Forests', 40, 15000, 40),
(41, 'Kerala Forests', 41, 12000, 41),
(42, 'Himachal Pradesh', 42, 6000, 42),
(43, 'Uttarakhand', 43, 10000, 43),
(44, 'Uttar Pradesh Forests', 44, 8000, 44),
(45, 'Gujarat Coastal Forests', 45, 4500, 45),
(46, 'Bihar Forests', 46, 6500, 46),
(47, 'Jharkhand Forests', 47, 8500, 47),
(48, 'Punjab Forests', 48, 4700, 48),
(49, 'Haryana Forests', 49, 3800, 49),
(50, 'Chhattisgarh Forests', 50, 6200, 50),
(51, 'Madhya Pradesh Teak Forests', 51, 9500, 51),
(52, 'Bengal Forests', 52, 7000, 52),
(53, 'Karnataka Forests', 53, 14000, 53),
(54, 'Maharashtra Forests', 54, 10500, 54),
(55, 'Madhya Pradesh Rainforest', 55, 4500, 55),
(56, 'Odisha Coastal Forests', 56, 5500, 56),
(57, 'Ganga River Basin Forests', 57, 9000, 57),
(58, 'Madhya Pradesh Deciduous Forests', 58, 12000, 58),
(59, 'Sikkim Himalayan Biozone', 59, 1000, 59),
(60, 'Arunachal Pradesh Rainforest', 60, 3000, 60),
(61, 'Assam Rainforests', 61, 4500, 61),
(62, 'Kerala Rainforests', 62, 8000, 62),
(63, 'Mizoram Forests', 63, 4200, 63),
(64, 'Nagaland Forests', 64, 3700, 64),
(65, 'Tripura Forests', 65, 2800, 65),
(66, 'Manipur Forests', 66, 3400, 66),
(67, 'Meghalaya Forests', 67, 2900, 67),
(68, 'Chhattisgarh Sal Forests', 68, 5000, 68),
(69, 'Bihar Deciduous Forests', 69, 4400, 69),
(70, 'Nagaland Evergreen Forests', 70, 1500, 70),
(71, 'Karnataka Dry Deciduous', 71, 10000, 71),
(72, 'Gujarat Scrub Forests', 72, 5300, 72),
(73, 'Andhra Pradesh Forests', 73, 7000, 73),
(74, 'Himalayan Temperate Forests', 74, 6500, 74),
(75, 'Rajasthan Forests', 75, 3000, 75),
(76, 'Assam Floodplain Forests', 76, 4000, 76),
(77, 'Jharkhand Mixed Forests', 77, 7000, 77),
(78, 'West Bengal Forests', 78, 9000, 78),
(79, 'Tropical Rainforests', 79, 12000, 79),
(80, 'Madhya Pradesh Dry Forests', 80, 7500, 80);

12.Insert in Region

INSERT INTO Region (RegionID, Region_name, R_Treecount_ID, Area, Location_ID) VALUES
(1, 'Sundarbans', 1, 5000, 1),
(2, 'Western Ghats', 2, 2500, 2),
(3, 'Kailash Sacred Landscape', 3, 3000, 3),
(4, 'Kanha National Park', 4, 1200, 4),
(5, 'Ranthambore', 5, 1000, 5),
(6, 'Periyar Tiger Reserve', 6, 1100, 6),
(7, 'Corbett Tiger Reserve', 7, 1300, 7),
(8, 'Sariska Tiger Reserve', 8, 700, 8),
(9, 'Kaziranga National Park', 9, 1150, 9),
(10, 'Manas National Park', 10, 2800, 10),
(11, 'Bandhavgarh National Park', 11, 1050, 11),
(12, 'Gir National Park', 12, 1300, 12),
(13, 'Jim Corbett National Park', 13, 1300, 13),
(14, 'Nanda Devi and Valley of Flowers', 14, 3000, 14),
(15, 'Tropical Wet Evergreen Forests', 15, 1500, 15),
(16, 'Great Himalayan National Park', 16, 4200, 16),
(17, 'Nilgiri Biosphere Reserve', 17, 1300, 17),
(18, 'Madhya Pradesh Forest Region', 18, 15000, 18),
(19, 'North East India Forest Region', 19, 22000, 19),
(20, 'Rajasthan Arid Zone', 20, 3000, 20),
(21, 'Andaman & Nicobar Islands', 21, 8000, 21),
(22, 'Bhitarkanika Mangrove Reserve', 22, 500, 22),
(23, 'Madhya Pradesh', 23, 10000, 23),
(24, 'Kumarakom Bird Sanctuary', 24, 240, 24),
(25, 'Sundarbans Tiger Reserve', 25, 6000, 25),
(26, 'Loktak Lake Wetland', 26, 300, 26),
(27, 'Keoladeo National Park', 27, 290, 27),
(28, 'Chilika Lake', 28, 1000, 28),
(29, 'Assam Forests', 29, 12000, 29),
(30, 'North Western Ghats', 30, 2300, 30),
(31, 'Nanda Devi', 31, 800, 31),
(32, 'Sikkim Himalayan Biodiversity', 32, 1400, 32),
(33, 'Nilgiri Wildlife Sanctuary', 33, 2500, 33),
(34, 'Dudhwa National Park', 34, 1300, 34),
(35, 'Sikhote-Alin Biosphere Reserve', 35, 2500, 35),
(36, 'Sundarbans Reserve Forest', 36, 7000, 36),
(37, 'Tungabhadra Forests', 37, 1100, 37),
(38, 'Kumaon Himalayas', 38, 5000, 38),
(39, 'West Bengal Forests', 39, 11000, 39),
(40, 'Tamil Nadu Forests', 40, 15000, 40),
(41, 'Kerala Forests', 41, 12000, 41),
(42, 'Himachal Pradesh', 42, 6000, 42),
(43, 'Uttarakhand', 43, 10000, 43),
(44, 'Uttar Pradesh Forests', 44, 8000, 44),
(45, 'Gujarat Coastal Forests', 45, 4500, 45),
(46, 'Bihar Forests', 46, 6500, 46),
(47, 'Jharkhand Forests', 47, 8500, 47),
(48, 'Punjab Forests', 48, 4700, 48),
(49, 'Haryana Forests', 49, 3800, 49),
(50, 'Chhattisgarh Forests', 50, 6200, 50),
(51, 'Madhya Pradesh Teak Forests', 51, 9500, 51),
(52, 'Bengal Forests', 52, 7000, 52),
(53, 'Karnataka Forests', 53, 14000, 53),
(54, 'Maharashtra Forests', 54, 10500, 54),
(55, 'Madhya Pradesh Rainforest', 55, 4500, 55),
(56, 'Odisha Coastal Forests', 56, 5500, 56),
(57, 'Ganga River Basin Forests', 57, 9000, 57),
(58, 'Madhya Pradesh Deciduous Forests', 58, 12000, 58),
(59, 'Sikkim Himalayan Biozone', 59, 1000, 59),
(60, 'Arunachal Pradesh Rainforest', 60, 3000, 60),
(61, 'Assam Rainforests', 61, 4500, 61),
(62, 'Kerala Rainforests', 62, 8000, 62),
(63, 'Mizoram Forests', 63, 4200, 63),
(64, 'Nagaland Forests', 64, 3700, 64),
(65, 'Tripura Forests', 65, 2800, 65),
(66, 'Manipur Forests', 66, 3400, 66),
(67, 'Meghalaya Forests', 67, 2900, 67),
(68, 'Chhattisgarh Sal Forests', 68, 5000, 68),
(69, 'Bihar Deciduous Forests', 69, 4400, 69),
(70, 'Nagaland Evergreen Forests', 70, 1500, 70),
(71, 'Karnataka Dry Deciduous', 71, 10000, 71),
(72, 'Gujarat Scrub Forests', 72, 5300, 72),
(73, 'Andhra Pradesh Forests', 73, 7000, 73),
(74, 'Himalayan Temperate Forests', 74, 6500, 74),
(75, 'Rajasthan Forests', 75, 3000, 75),
(76, 'Assam Floodplain Forests', 76, 4000, 76),
(77, 'Jharkhand Mixed Forests', 77, 7000, 77),
(78, 'West Bengal Forests', 78, 9000, 78),
(79, 'Tropical Rainforests', 79, 12000, 79),
(80, 'Madhya Pradesh Dry Forests', 80, 7500, 80);

13.Insert in Tree_Count

INSERT INTO Tree_Count (R_Treecount_ID, Tree_Count, Count_Date) VALUES
(1, 100000, '2024-01-01'),
(2, 85000, '2024-01-02'),
(3, 120000, '2024-01-03'),
(4, 90000, '2024-01-04'),
(5, 95000, '2024-01-05'),
(6, 110000, '2024-01-06'),
(7, 130000, '2024-01-07'),
(8, 105000, '2024-01-08'),
(9, 115000, '2024-01-09'),
(10, 100000, '2024-01-10'),
(11, 95000, '2024-01-11'),
(12, 105000, '2024-01-12'),
(13, 100000, '2024-01-13'),
(14, 120000, '2024-01-14'),
(15, 130000, '2024-01-15'),
(16, 135000, '2024-01-16'),
(17, 100000, '2024-01-17'),
(18, 110000, '2024-01-18'),
(19, 115000, '2024-01-19'),
(20, 120000, '2024-01-20'),
(21, 140000, '2024-01-21'),
(22, 100000, '2024-01-22'),
(23, 135000, '2024-01-23'),
(24, 100000, '2024-01-24'),
(25, 110000, '2024-01-25'),
(26, 105000, '2024-01-26'),
(27, 100000, '2024-01-27'),
(28, 115000, '2024-01-28'),
(29, 120000, '2024-01-29'),
(30, 110000, '2024-01-30'),
(31, 90000, '2024-01-31'),
(32, 130000, '2024-02-01'),
(33, 95000, '2024-02-02'),
(34, 120000, '2024-02-03'),
(35, 105000, '2024-02-04'),
(36, 110000, '2024-02-05'),
(37, 130000, '2024-02-06'),
(38, 125000, '2024-02-07'),
(39, 115000, '2024-02-08'),
(40, 140000, '2024-02-09'),
(41, 125000, '2024-02-10'),
(42, 135000, '2024-02-11'),
(43, 100000, '2024-02-12'),
(44, 130000, '2024-02-13'),
(45, 120000, '2024-02-14'),
(46, 110000, '2024-02-15'),
(47, 100000, '2024-02-16'),
(48, 105000, '2024-02-17'),
(49, 115000, '2024-02-18'),
(50, 120000, '2024-02-19'),
(51, 110000, '2024-02-20'),
(52, 100000, '2024-02-21'),
(53, 130000, '2024-02-22'),
(54, 110000, '2024-02-23'),
(55, 105000, '2024-02-24'),
(56, 120000, '2024-02-25'),
(57, 100000, '2024-02-26'),
(58, 130000, '2024-02-27'),
(59, 120000, '2024-02-28'),
(60, 115000, '2024-02-29'),
(61, 110000, '2024-03-01'),
(62, 105000, '2024-03-02'),
(63, 120000, '2024-03-03'),
(64, 115000, '2024-03-04'),
(65, 110000, '2024-03-05'),
(66, 100000, '2024-03-06'),
(67, 105000, '2024-03-07'),
(68, 120000, '2024-03-08'),
(69, 115000, '2024-03-09'),
(70, 130000, '2024-03-10'),
(71, 125000, '2024-03-11'),
(72, 110000, '2024-03-12'),
(73, 120000, '2024-03-13'),
(74, 130000, '2024-03-14'),
(75, 115000, '2024-03-15'),
(76, 100000, '2024-03-16'),
(77, 125000, '2024-03-17'),
(78, 130000, '2024-03-18'),
(79, 110000, '2024-03-19'),
(80, 120000, '2024-03-20');

14.Insert in Harvest

-- Harvest Insertions (80 queries, each batch will have 2 harvests)
INSERT INTO Harvest (Harvest_ID, Batch_ID, Harvest_date, Volume, Harvested_Tree_count, Replanted_Tree_count) VALUES
(1, 1, '2024-11-01', 5000, 200, 150),
(2, 1, '2024-11-02', 5200, 180, 140),
(3, 2, '2024-11-03', 4800, 210, 160),
(4, 2, '2024-11-04', 5100, 220, 170),
(5, 3, '2024-11-05', 5300, 230, 180),
(6, 3, '2024-11-06', 4900, 250, 200),
(7, 4, '2024-11-07', 5200, 240, 190),
(8, 4, '2024-11-08', 4800, 210, 170),
(9, 5, '2024-11-09', 5000, 200, 150),
(10, 5, '2024-11-10', 5100, 220, 180),
(11, 6, '2024-11-11', 5200, 230, 190),
(12, 6, '2024-11-12', 5300, 240, 200),
(13, 7, '2024-11-13', 5000, 210, 160),
(14, 7, '2024-11-14', 5100, 220, 180),
(15, 8, '2024-11-15', 4900, 250, 200),
(16, 8, '2024-11-16', 4800, 230, 180),
(17, 9, '2024-11-17', 5300, 240, 200),
(18, 9, '2024-11-18', 5200, 210, 170),
(19, 10, '2024-11-19', 5100, 220, 180),
(20, 10, '2024-11-20', 4900, 250, 200),
(21, 11, '2024-11-21', 4800, 230, 170),
(22, 11, '2024-11-22', 5000, 200, 150),
(23, 12, '2024-11-23', 5200, 240, 190),
(24, 12, '2024-11-24', 5100, 220, 180),
(25, 13, '2024-11-25', 5300, 230, 190),
(26, 13, '2024-11-26', 4800, 210, 160),
(27, 14, '2024-11-27', 5000, 240, 200),
(28, 14, '2024-11-28', 5100, 220, 180),
(29, 15, '2024-11-29', 5200, 230, 190),
(30, 15, '2024-11-30', 5300, 240, 200),
(31, 16, '2024-12-01', 5000, 200, 150),
(32, 16, '2024-12-02', 4900, 250, 200),
(33, 17, '2024-12-03', 4800, 220, 180),
(34, 17, '2024-12-04', 5100, 230, 190),
(35, 18, '2024-12-05', 5200, 210, 170),
(36, 18, '2024-12-06', 5300, 240, 200),
(37, 19, '2024-12-07', 4800, 230, 180),
(38, 19, '2024-12-08', 4900, 220, 180),
(39, 20, '2024-12-09', 5000, 210, 160),
(40, 20, '2024-12-10', 5100, 240, 200),
(41, 21, '2024-12-11', 5200, 230, 190),
(42, 21, '2024-12-12', 5300, 240, 200),
(43, 22, '2024-12-13', 4800, 200, 150),
(44, 22, '2024-12-14', 4900, 210, 170),
(45, 23, '2024-12-15', 5100, 220, 180),
(46, 23, '2024-12-16', 5200, 230, 190),
(47, 24, '2024-12-17', 5300, 240, 200),
(48, 24, '2024-12-18', 4800, 200, 150),
(49, 25, '2024-12-19', 4900, 250, 200),
(50, 25, '2024-12-20', 5000, 230, 190),
(51, 26, '2024-12-21', 5100, 220, 180),
(52, 26, '2024-12-22', 5200, 240, 200),
(53, 27, '2024-12-23', 5300, 230, 190),
(54, 27, '2024-12-24', 4800, 210, 160),
(55, 28, '2024-12-25', 5000, 220, 180),
(56, 28, '2024-12-26', 5100, 230, 190),
(57, 29, '2024-12-27', 5200, 240, 200),
(58, 29, '2024-12-28', 5300, 250, 200),
(59, 30, '2024-12-29', 4800, 230, 180),
(60, 30, '2024-12-30', 4900, 200, 150),
(61, 31, '2024-12-31', 5100, 220, 180),
(62, 31, '2025-01-01', 5200, 230, 190),
(63, 32, '2025-01-02', 5300, 240, 200),
(64, 32, '2025-01-03', 4800, 210, 160),
(65, 33, '2025-01-04', 5000, 220, 180),
(66, 33, '2025-01-05', 5100, 230, 190),
(67, 34, '2025-01-06', 5200, 240, 200),
(68, 34, '2025-01-07', 5300, 250, 200),
(69, 35, '2025-01-08', 4800, 230, 180),
(70, 35, '2025-01-09', 4900, 200, 150),
(71, 36, '2025-01-10', 5100, 220, 180),
(72, 36, '2025-01-11', 5200, 230, 190),
(73, 37, '2025-01-12', 5300, 240, 200),
(74, 37, '2025-01-13', 4800, 210, 160),
(75, 38, '2025-01-14', 4900, 220, 180),
(76, 38, '2025-01-15', 5100, 230, 190),
(77, 39, '2025-01-16', 5200, 240, 200),
(78, 39, '2025-01-17', 5300, 250, 200),
(79, 40, '2025-01-18', 4800, 230, 180),
(80, 40, '2025-01-19', 4900, 200, 150);

15.Insert in Batch

-- Batch Insertions (40 queries)

INSERT INTO Batch (Batch_ID, Facility_ID, Total_quantity, Total_volume) VALUES
(1, 1, 380, 10200),  -- Harvest 1 + Harvest 2
(2, 2, 390, 9600),   -- Harvest 3 + Harvest 4
(3, 3, 400, 10400),  -- Harvest 5 + Harvest 6
(4, 4, 410, 10200),  -- Harvest 7 + Harvest 8
(5, 5, 430, 10600),  -- Harvest 9 + Harvest 10
(6, 6, 470, 10600),  -- Harvest 11 + Harvest 12
(7, 7, 450, 10400),  -- Harvest 13 + Harvest 14
(8, 8, 470, 9800),   -- Harvest 15 + Harvest 16
(9, 9, 470, 10600),  -- Harvest 17 + Harvest 18
(10, 10, 450, 10200),-- Harvest 19 + Harvest 20
(11, 11, 460, 10400),-- Harvest 21 + Harvest 22
(12, 12, 470, 10400),-- Harvest 23 + Harvest 24
(13, 13, 460, 10600),-- Harvest 25 + Harvest 26
(14, 14, 460, 10100),-- Harvest 27 + Harvest 28
(15, 15, 470, 10600),-- Harvest 29 + Harvest 30
(16, 16, 450, 10400),-- Harvest 31 + Harvest 32
(17, 17, 450, 9600), -- Harvest 33 + Harvest 34
(18, 18, 460, 10200),-- Harvest 35 + Harvest 36
(19, 19, 470, 10600),-- Harvest 37 + Harvest 38
(20, 20, 450, 10000),-- Harvest 39 + Harvest 40
(21, 21, 470, 10200),-- Harvest 41 + Harvest 42
(22, 22, 450, 10400),-- Harvest 43 + Harvest 44
(23, 23, 460, 10600),-- Harvest 45 + Harvest 46
(24, 24, 470, 10200),-- Harvest 47 + Harvest 48
(25, 25, 460, 10800),-- Harvest 49 + Harvest 50
(26, 26, 480, 10600),-- Harvest 51 + Harvest 52
(27, 27, 470, 10800),-- Harvest 53 + Harvest 54
(28, 28, 470, 10400),-- Harvest 55 + Harvest 56
(29, 29, 460, 10600),-- Harvest 57 + Harvest 58
(30, 30, 470, 9600), -- Harvest 59 + Harvest 60
(31, 31, 480, 10200),-- Harvest 61 + Harvest 62
(32, 32, 490, 10600),-- Harvest 63 + Harvest 64
(33, 33, 470, 10400),-- Harvest 65 + Harvest 66
(34, 34, 480, 10600),-- Harvest 67 + Harvest 68
(35, 35, 490, 10800),-- Harvest 69 + Harvest 70
(36, 36, 460, 10200),-- Harvest 71 + Harvest 72
(37, 37, 480, 10600),-- Harvest 73 + Harvest 74
(38, 38, 490, 10200),-- Harvest 75 + Harvest 76
(39, 39, 480, 10800),-- Harvest 77 + Harvest 78
(40, 40, 460, 10200);-- Harvest 79 + Harvest 80

16. Insert in harvest_Logger

INSERT INTO Harvest_Logger (Harvest_ID, Logger_ID) VALUES
(1, 1),
(2, 2),
(3, 3),
(4, 4),
(5, 5),
(6, 6),
(7, 7),
(8, 8),
(9, 9),
(10, 10),
(11, 11),
(12, 12),
(13, 13),
(14, 14),
(15, 15),
(16, 16),
(17, 17),
(18, 18),
(19, 19),
(20, 20),
(21, 21),
(22, 22),
(23, 23),
(24, 24),
(25, 25),
(26, 26),
(27, 27),
(28, 28),
(29, 29),
(30, 30),
(31, 31),
(32, 32),
(33, 33),
(34, 34),
(35, 35),
(36, 36),
(37, 37),
(38, 38),
(39, 39),
(40, 40),
(41, 41),
(42, 42),
(43, 43),
(44, 44),
(45, 45),
(46, 46),
(47, 47),
(48, 48),
(49, 49),
(50, 50),
(51, 51),
(52, 52),
(53, 53),
(54, 54),
(55, 55),
(56, 56),
(57, 57),
(58, 58),
(59, 59),
(60, 60),
(61, 61),
(62, 62),
(63, 63),
(64, 64),
(65, 65),
(66, 66),
(67, 67),
(68, 68),
(69, 69),
(70, 70),
(71, 71),
(72, 72),
(73, 73),
(74, 74),
(75, 75),
(76, 76),
(77, 77),
(78, 78),
(79, 79),
(80, 80);

17.Insert in Region_Harvest

-- Region_Harvest Insertions (80 queries)

INSERT INTO Region_Harvest (Region_ID, Harvest_ID) VALUES
(1, 1),
(2, 2),
(3, 3),
(4, 4),
(5, 5),
(6, 6),
(7, 7),
(8, 8),
(9, 9),
(10, 10),
(11, 11),
(12, 12),
(13, 13),
(14, 14),
(15, 15),
(16, 16),
(17, 17),
(18, 18),
(19, 19),
(20, 20),
(21, 21),
(22, 22),
(23, 23),
(24, 24),
(25, 25),
(26, 26),
(27, 27),
(28, 28),
(29, 29),
(30, 30),
(31, 31),
(32, 32),
(33, 33),
(34, 34),
(35, 35),
(36, 36),
(37, 37),
(38, 38),
(39, 39),
(40, 40),
(41, 41),
(42, 42),
(43, 43),
(44, 44),
(45, 45),
(46, 46),
(47, 47),
(48, 48),
(49, 49),
(50, 50),
(51, 51),
(52, 52),
(53, 53),
(54, 54),
(55, 55),
(56, 56),
(57, 57),
(58, 58),
(59, 59),
(60, 60),
(61, 61),
(62, 62),
(63, 63),
(64, 64),
(65, 65),
(66, 66),
(67, 67),
(68, 68),
(69, 69),
(70, 70),
(71, 71),
(72, 72),
(73, 73),
(74, 74),
(75, 75),
(76, 76),
(77, 77),
(78, 78),
(79, 79),
(80, 80);

18.Insert in Customer_Contact

-- 80 Insertions for Customer_Contact table
INSERT INTO Customer_Contact (Customer_ID, Contact_number)
VALUES
(1, '9876543210'),
(2, '9887654321'),
(3, '9876541230'),
(4, '9801234567'),
(5, '9776543120'),
(6, '9908765432'),
(7, '9754321098'),
(8, '9765432109'),
(9, '9632587410'),
(10, '9623456789'),
(11, '9508765432'),
(12, '9807564321'),
(13, '9745612380'),
(14, '9790321456'),
(15, '9658743120'),
(16, '9665327108'),
(17, '9556374821'),
(18, '9536721940'),
(19, '9543126789'),
(20, '9612345678'),
(21, '9445678123'),
(22, '9423486571'),
(23, '9567812345'),
(24, '9435678912'),
(25, '9412365789'),
(26, '9234598710'),
(27, '9223475610'),
(28, '9256781243'),
(29, '9301827465'),
(30, '9392716450'),
(31, '9381045632'),
(32, '9371598740'),
(33, '9345671230'),
(34, '9458362170'),
(35, '9412598743'),
(36, '9556789012'),
(37, '9263475180'),
(38, '9193246570'),
(39, '9203456789'),
(40, '9376541230'),
(41, '9456789301'),
(42, '9418765432'),
(43, '9554321098'),
(44, '9498765430'),
(45, '9732465871'),
(46, '9632458710'),
(47, '9593426789'),
(48, '9621547980'),
(49, '9398765321'),
(50, '9456321098'),
(51, '9283746501'),
(52, '9375462380'),
(53, '9335819024'),
(54, '9364728593'),
(55, '9263478920'),
(56, '9256123480'),
(57, '9201765432'),
(58, '9346821059'),
(59, '9325478632'),
(60, '9378512460'),
(61, '9402361847'),
(62, '9573146802'),
(63, '9507642931'),
(64, '9482634570'),
(65, '9231765489'),
(66, '9364876125'),
(67, '9395187423'),
(68, '9273915470'),
(69, '9221345687'),
(70, '9293846502'),
(71, '9453820769'),
(72, '9251493820'),
(73, '9447236198'),
(74, '9365784921'),
(75, '9398674123'),
(76, '9302465710'),
(77, '9267842091'),
(78, '9403856217'),
(79, '9216748395'),
(80, '9225637810');

19.Insert in Inventory

-- 80 Insertions for Inventory table
INSERT INTO Inventory (Batch_ID, Facility_ID, Total_quantity, Available_quantity)
VALUES
(1, 1, 5000, 4500),
(2, 1, 5200, 4900),
(3, 1, 4800, 4600),
(4, 2, 5100, 4800),
(5, 2, 5300, 5100),
(6, 2, 4900, 4700),
(7, 3, 5200, 4900),
(8, 3, 4800, 4600),
(9, 4, 5000, 4700),
(10, 4, 5100, 4900),
(11, 5, 5200, 5000),
(12, 5, 5300, 5100),
(13, 6, 5000, 4700),
(14, 6, 5100, 4800),
(15, 7, 4900, 4700),
(16, 7, 4800, 4500),
(17, 8, 5300, 5100),
(18, 8, 5200, 4900),
(19, 9, 5100, 4900),
(20, 9, 4900, 4600),
(21, 10, 4800, 4500),
(22, 10, 5000, 4700),
(23, 11, 5200, 4900),
(24, 11, 5300, 5100),
(25, 12, 5100, 4800),
(26, 12, 5000, 4700),
(27, 13, 4900, 4600),
(28, 13, 4800, 4500),
(29, 14, 5300, 5100),
(30, 14, 5200, 4900),
(31, 15, 5000, 4700),
(32, 15, 5100, 4800),
(33, 16, 5200, 4900),
(34, 16, 5300, 5100),
(35, 17, 4800, 4500),
(36, 17, 4900, 4700),
(37, 18, 5000, 4700),
(38, 18, 5100, 4800),
(39, 19, 5300, 5100),
(40, 19, 5200, 4900),
(41, 20, 5100, 4800),
(42, 20, 5000, 4700),
(43, 21, 4900, 4600),
(44, 21, 4800, 4500),
(45, 22, 5300, 5100),
(46, 22, 5200, 4900),
(47, 23, 5000, 4700),
(48, 23, 5100, 4800),
(49, 24, 5200, 4900),
(50, 24, 5300, 5100),
(51, 25, 4800, 4500),
(52, 25, 4900, 4700),
(53, 26, 5000, 4700),
(54, 26, 5100, 4800),
(55, 27, 5200, 4900),
(56, 27, 5300, 5100),
(57, 28, 5100, 4800),
(58, 28, 5000, 4700),
(59, 29, 4900, 4600),
(60, 29, 4800, 4500),
(61, 30, 5300, 5100),
(62, 30, 5200, 4900),
(63, 31, 5000, 4700),
(64, 31, 5100, 4800),
(65, 32, 5200, 4900),
(66, 32, 5300, 5100),
(67, 33, 4800, 4500),
(68, 33, 4900, 4700),
(69, 34, 5000, 4700),
(70, 34, 5100, 4800),
(71, 35, 5300, 5100),
(72, 35, 5200, 4900),
(73, 36, 5100, 4800),
(74, 36, 5000, 4700),
(75, 37, 4900, 4600),
(76, 37, 4800, 4500),
(77, 38, 5300, 5100),
(78, 38, 5200, 4900),
(79, 39, 5000, 4700),
(80, 39, 5100, 4800);

20.Insert in Manufacture

INSERT INTO Manufacturer (Manufacturer_ID, Address_ID, Sales_ID, Name, Wood_purchased) VALUES
(1, 1, 101, 'Tata Timber Ltd.', 50000),
(2, 2, 102, 'Birla Woodworks', 45000),
(3, 3, 103, 'Ashok Plywood Industries', 60000),
(4, 4, 104, 'Reliance Timber Corp.', 52000),
(5, 5, 105, 'Godrej Wood Processing', 47000),
(6, 6, 106, 'Mahindra Timber Products', 49000),
(7, 7, 107, 'L&T Wood Manufacturing', 51000),
(8, 8, 108, 'Nayak Timber Solutions', 53000),
(9, 9, 109, 'JSW Timber Ltd.', 55000),
(10, 10, 110, 'Hindalco Wood Pvt. Ltd.', 48000),
(11, 11, 111, 'Kochi Timber Industries', 56000),
(12, 12, 112, 'Sailwood Pvt. Ltd.', 50000),
(13, 13, 113, 'Essar Timber Co.', 46000),
(14, 14, 114, 'Tata Wood Processing', 52000),
(15, 15, 115, 'Mahindra Plywood Ltd.', 49000),
(16, 16, 116, 'ICICI Timber Solutions', 53000),
(17, 17, 117, 'Ambuja Timber Ltd.', 51000),
(18, 18, 118, 'Aditya Birla Timber Pvt. Ltd.', 45000),
(19, 19, 119, 'JK Plywood Works', 47000),
(20, 20, 120, 'Vardhman Timber Products', 55000),
(21, 21, 121, 'Bharat Timber Ltd.', 60000),
(22, 22, 122, 'Rathi Plywood Co.', 53000),
(23, 23, 123, 'Punj Lloyd Timber Ltd.', 54000),
(24, 24, 124, 'Gujarat Timber Enterprises', 56000),
(25, 25, 125, 'Sundaram Timber Solutions', 58000),
(26, 26, 126, 'Zenith Timber Manufacturing', 50000),
(27, 27, 127, 'Prism Timber Works', 52000),
(28, 28, 128, 'Unitech Wood Processing', 49000),
(29, 29, 129, 'Shree Timber Industries', 51000),
(30, 30, 130, 'Gokuldas Plywood Ltd.', 45000),
(31, 31, 131, 'Bansal Wood Works', 46000),
(32, 32, 132, 'Tata Wood Industries', 53000),
(33, 33, 133, 'IndoWood Manufacturing', 54000),
(34, 34, 134, 'Pinnacle Timber Pvt. Ltd.', 47000),
(35, 35, 135, 'Lalit Timber Co.', 50000),
(36, 36, 136, 'Kailash Wood Processing', 52000),
(37, 37, 137, 'Shakti Timber Ltd.', 56000),
(38, 38, 138, 'Dalmia Timber Pvt. Ltd.', 55000),
(39, 39, 139, 'Krishna Wood Solutions', 49000),
(40, 40, 140, 'Suraj Timber Products', 48000),
(41, 41, 141, 'Vikram Timber Works', 51000),
(42, 42, 142, 'Oberoi Timber Ltd.', 46000),
(43, 43, 143, 'Kumar Wood Products', 53000),
(44, 44, 144, 'SRS Timber Industries', 52000),
(45, 45, 145, 'Pioneer Wood Works', 54000),
(46, 46, 146, 'Vishal Timber Products', 55000),
(47, 47, 147, 'Siddhi Plywood Pvt. Ltd.', 60000),
(48, 48, 148, 'Tata Wood Manufacturing', 57000),
(49, 49, 149, 'Siddharth Timber Co.', 49000),
(50, 50, 150, 'Maruti Timber Pvt. Ltd.', 51000),
(51, 51, 151, 'Arihant Timber Ltd.', 54000),
(52, 52, 152, 'Panchal Timber Solutions', 56000),
(53, 53, 153, 'Sanjeev Plywood Ltd.', 52000),
(54, 54, 154, 'Rajasthan Timber Works', 49000),
(55, 55, 155, 'Laxmi Timber Manufacturing', 53000),
(56, 56, 156, 'Mohan Timber Pvt. Ltd.', 51000),
(57, 57, 157, 'Shree Shakti Wood', 54000),
(58, 58, 158, 'Gurukripa Timber Works', 55000),
(59, 59, 159, 'Vidyut Timber Ltd.', 48000),
(60, 60, 160, 'Rupesh Timber Pvt. Ltd.', 49000),
(61, 61, 161, 'Neelam Timber Solutions', 47000),
(62, 62, 162, 'Manoj Timber Manufacturing', 50000),
(63, 63, 163, 'Bansal Plywood Pvt. Ltd.', 53000),
(64, 64, 164, 'Jain Timber Products', 55000),
(65, 65, 165, 'Rama Timber Works', 52000),
(66, 66, 166, 'Shiv Timber Pvt. Ltd.', 56000),
(67, 67, 167, 'Pinnacle Timber Ltd.', 48000),
(68, 68, 168, 'Sandeep Timber Co.', 54000),
(69, 69, 169, 'Pallavi Timber Ltd.', 49000),
(70, 70, 170, 'Akash Timber Pvt. Ltd.', 51000),
(71, 71, 171, 'Om Plywood Industries', 50000),
(72, 72, 172, 'Sagar Timber Ltd.', 52000),
(73, 73, 173, 'Abhishek Timber Solutions', 54000),
(74, 74, 174, 'Jai Plywood Manufacturing', 56000),
(75, 75, 175, 'Mahavir Timber Ltd.', 55000),
(76, 76, 176, 'Vishnu Timber Pvt. Ltd.', 47000),
(77, 77, 177, 'Shivraj Wood Processing', 51000),
(78, 78, 178, 'Shree Timber Ltd.', 49000),
(79, 79, 179, 'Mahalaxmi Timber Works', 53000),
(80, 80, 180, 'Harsh Timber Pvt. Ltd.', 56000);

21.Insert in Sales

INSERT INTO Sales (Sales_ID, Customer_ID, Product_ID, Purchase_date, Quantity_purchased) VALUES
(1, 1, 1, '2024-10-01', 10),
(2, 2, 2, '2024-10-02', 15),
(3, 3, 3, '2024-10-03', 12),
(4, 4, 4, '2024-10-04', 18),
(5, 5, 5, '2024-10-05', 20),
(6, 6, 6, '2024-10-06', 25),
(7, 7, 7, '2024-10-07', 8),
(8, 8, 8, '2024-10-08', 30),
(9, 9, 9, '2024-10-09', 22),
(10, 10, 10, '2024-10-10', 27),
(11, 11, 11, '2024-10-11', 14),
(12, 12, 12, '2024-10-12', 9),
(13, 13, 13, '2024-10-13', 17),
(14, 14, 14, '2024-10-14', 23),
(15, 15, 15, '2024-10-15', 16),
(16, 16, 16, '2024-10-16', 21),
(17, 17, 17, '2024-10-17', 11),
(18, 18, 18, '2024-10-18', 19),
(19, 19, 19, '2024-10-19', 25),
(20, 20, 20, '2024-10-20', 13),
(21, 21, 21, '2024-10-21', 24),
(22, 22, 22, '2024-10-22', 10),
(23, 23, 23, '2024-10-23', 16),
(24, 24, 24, '2024-10-24', 18),
(25, 25, 25, '2024-10-25', 28),
(26, 26, 26, '2024-10-26', 30),
(27, 27, 27, '2024-10-27', 9),
(28, 28, 28, '2024-10-28', 14),
(29, 29, 29, '2024-10-29', 12),
(30, 30, 30, '2024-10-30', 19),
(31, 31, 31, '2024-11-01', 20),
(32, 32, 32, '2024-11-02', 22),
(33, 33, 33, '2024-11-03', 17),
(34, 34, 34, '2024-11-04', 13),
(35, 35, 35, '2024-11-05', 24),
(36, 36, 36, '2024-11-06', 30),
(37, 37, 37, '2024-11-07', 21),
(38, 38, 38, '2024-11-08', 15),
(39, 39, 39, '2024-11-09', 19),
(40, 40, 40, '2024-11-10', 10),
(41, 41, 41, '2024-11-11', 23),
(42, 42, 42, '2024-11-12', 17),
(43, 43, 43, '2024-11-13', 14),
(44, 44, 44, '2024-11-14', 26),
(45, 45, 45, '2024-11-15', 21),
(46, 46, 46, '2024-11-16', 12),
(47, 47, 47, '2024-11-17', 19),
(48, 48, 48, '2024-11-18', 16),
(49, 49, 49, '2024-11-19', 14),
(50, 50, 50, '2024-11-20', 11),
(51, 51, 51, '2024-11-21', 24),
(52, 52, 52, '2024-11-22', 13),
(53, 53, 53, '2024-11-23', 18),
(54, 54, 54, '2024-11-24', 28),
(55, 55, 55, '2024-11-25', 20),
(56, 56, 56, '2024-11-26', 15),
(57, 57, 57, '2024-11-27', 22),
(58, 58, 58, '2024-11-28', 18),
(59, 59, 59, '2024-11-29', 25),
(60, 60, 60, '2024-11-30', 30),
(61, 61, 61, '2024-12-01', 17),
(62, 62, 62, '2024-12-02', 19),
(63, 63, 63, '2024-12-03', 21),
(64, 64, 64, '2024-12-04', 24),
(65, 65, 65, '2024-12-05', 12),
(66, 66, 66, '2024-12-06', 15),
(67, 67, 67, '2024-12-07', 28),
(68, 68, 68, '2024-12-08', 23),
(69, 69, 69, '2024-12-09', 18),
(70, 70, 70, '2024-12-10', 30),
(71, 71, 71, '2024-12-11', 25),
(72, 72, 72, '2024-12-12', 22),
(73, 73, 73, '2024-12-13', 20),
(74, 74, 74, '2024-12-14', 21),
(75, 75, 75, '2024-12-15', 19),
(76, 76, 76, '2024-12-16', 24),
(77, 77, 77, '2024-12-17', 16),
(78, 78, 78, '2024-12-18', 18),
(79, 79, 79, '2024-12-19', 11),
(80, 80, 80, '2024-12-20', 27);

22.Insert in Wood_Product

INSERT INTO Wood_Product (Product_ID, Manufacturer_ID, Customer_ID, Product_Type, Wood_used_quantity, Volume, Production_date) VALUES
(1, 1, 1, 'Furniture', 50, 15, '2024-10-01'),
(2, 2, 2, 'Wooden Panel', 30, 10, '2024-10-02'),
(3, 3, 3, 'Decking', 60, 20, '2024-10-03'),
(4, 4, 4, 'Wooden Flooring', 40, 12, '2024-10-04'),
(5, 5, 5, 'Wooden Furniture', 80, 25, '2024-10-05'),
(6, 6, 6, 'Wooden Door', 45, 13, '2024-10-06'),
(7, 7, 7, 'Wooden Window', 35, 11, '2024-10-07'),
(8, 8, 8, 'Wooden Toys', 25, 8, '2024-10-08'),
(9, 9, 9, 'Wooden Planks', 55, 17, '2024-10-09'),
(10, 10, 10, 'Wooden Panels', 50, 15, '2024-10-10'),
(11, 11, 11, 'Wooden Chair', 35, 10, '2024-10-11'),
(12, 12, 12, 'Wooden Table', 70, 22, '2024-10-12'),
(13, 13, 13, 'Wooden Cabinet', 60, 18, '2024-10-13'),
(14, 14, 14, 'Wooden Shelf', 40, 12, '2024-10-14'),
(15, 15, 15, 'Wooden Railing', 50, 14, '2024-10-15'),
(16, 16, 16, 'Wooden Partition', 45, 13, '2024-10-16'),
(17, 17, 17, 'Wooden Paneling', 60, 20, '2024-10-17'),
(18, 18, 18, 'Wooden Cabinets', 65, 21, '2024-10-18'),
(19, 19, 19, 'Wooden Furniture Set', 85, 28, '2024-10-19'),
(20, 20, 20, 'Wooden Rack', 50, 15, '2024-10-20'),
(21, 21, 21, 'Wooden Flooring', 60, 18, '2024-10-21'),
(22, 22, 22, 'Wooden Doors', 45, 13, '2024-10-22'),
(23, 23, 23, 'Wooden Blocks', 30, 10, '2024-10-23'),
(24, 24, 24, 'Wooden Planks', 55, 17, '2024-10-24'),
(25, 25, 25, 'Wooden Crate', 50, 15, '2024-10-25'),
(26, 26, 26, 'Wooden Box', 45, 14, '2024-10-26'),
(27, 27, 27, 'Wooden Toy', 20, 6, '2024-10-27'),
(28, 28, 28, 'Wooden Cabinet', 60, 18, '2024-10-28'),
(29, 29, 29, 'Wooden Bench', 40, 12, '2024-10-29'),
(30, 30, 30, 'Wooden Table', 70, 22, '2024-10-30'),
(31, 31, 31, 'Wooden Planks', 50, 16, '2024-11-01'),
(32, 32, 32, 'Wooden Railing', 45, 14, '2024-11-02'),
(33, 33, 33, 'Wooden Paneling', 55, 17, '2024-11-03'),
(34, 34, 34, 'Wooden Door', 30, 10, '2024-11-04'),
(35, 35, 35, 'Wooden Shelf', 40, 12, '2024-11-05'),
(36, 36, 36, 'Wooden Partition', 60, 18, '2024-11-06'),
(37, 37, 37, 'Wooden Toys', 25, 8, '2024-11-07'),
(38, 38, 38, 'Wooden Cabinet', 55, 16, '2024-11-08'),
(39, 39, 39, 'Wooden Chair', 35, 10, '2024-11-09'),
(40, 40, 40, 'Wooden Table', 70, 22, '2024-11-10'),
(41, 41, 41, 'Wooden Crate', 50, 15, '2024-11-11'),
(42, 42, 42, 'Wooden Box', 45, 14, '2024-11-12'),
(43, 43, 43, 'Wooden Flooring', 60, 18, '2024-11-13'),
(44, 44, 44, 'Wooden Paneling', 50, 15, '2024-11-14'),
(45, 45, 45, 'Wooden Railing', 60, 18, '2024-11-15'),
(46, 46, 46, 'Wooden Bench', 40, 12, '2024-11-16'),
(47, 47, 47, 'Wooden Chair', 30, 10, '2024-11-17'),
(48, 48, 48, 'Wooden Panel', 35, 11, '2024-11-18'),
(49, 49, 49, 'Wooden Shelf', 55, 17, '2024-11-19'),
(50, 50, 50, 'Wooden Table', 60, 18, '2024-11-20'),
(51, 51, 51, 'Wooden Cabinet', 65, 21, '2024-11-21'),
(52, 52, 52, 'Wooden Toy', 25, 8, '2024-11-22'),
(53, 53, 53, 'Wooden Chair', 45, 14, '2024-11-23'),
(54, 54, 54, 'Wooden Bench', 40, 12, '2024-11-24'),
(55, 55, 55, 'Wooden Partition', 50, 15, '2024-11-25'),
(56, 56, 56, 'Wooden Rack', 35, 10, '2024-11-26'),
(57, 57, 57, 'Wooden Panel', 60, 18, '2024-11-27'),
(58, 58, 58, 'Wooden Door', 50, 15, '2024-11-28'),
(59, 59, 59, 'Wooden Shelf', 55, 16, '2024-11-29'),
(60, 60, 60, 'Wooden Cabinet', 70, 22, '2024-12-01'),
(61, 61, 61, 'Wooden Chair', 35, 11, '2024-12-02'),
(62, 62, 62, 'Wooden Table', 70, 20, '2024-12-03'),
(63, 63, 63, 'Wooden Railing', 45, 14, '2024-12-04'),
(64, 64, 64, 'Wooden Box', 50, 15, '2024-12-05'),
(65, 65, 65, 'Wooden Crate', 45, 13, '2024-12-06'),
(66, 66, 66, 'Wooden Paneling', 55, 17, '2024-12-07'),
(67, 67, 67, 'Wooden Door', 30, 10, '2024-12-08'),
(68, 68, 68, 'Wooden Cabinet', 60, 18, '2024-12-09'),
(69, 69, 69, 'Wooden Bench', 35, 12, '2024-12-10'),
(70, 70, 70, 'Wooden Shelf', 50, 15, '2024-12-11'),
(71, 71, 71, 'Wooden Toy', 20, 6, '2024-12-12'),
(72, 72, 72, 'Wooden Chair', 40, 12, '2024-12-13'),
(73, 73, 73, 'Wooden Panel', 55, 17, '2024-12-14'),
(74, 74, 74, 'Wooden Crate', 50, 15, '2024-12-15'),
(75, 75, 75, 'Wooden Box', 45, 14, '2024-12-16'),
(76, 76, 76, 'Wooden Flooring', 60, 18, '2024-12-17'),
(77, 77, 77, 'Wooden Shelf', 50, 15, '2024-12-18'),
(78, 78, 78, 'Wooden Partition', 45, 14, '2024-12-19'),
(79, 79, 79, 'Wooden Paneling', 60, 18, '2024-12-20'),
(80, 80, 80, 'Wooden Bench', 40, 12, '2024-12-21');

23.Insert in Manufacture_Batch

-- Insert data into Manufacturer_Batch table
INSERT INTO Manufacturer_Batch (Manufacturer_ID, Batch_ID, Quantity_owned) VALUES
(1, 1, 1000),
(2, 2, 2000),
(3, 3, 1500),
(4, 4, 1200),
(5, 5, 1800),
(6, 6, 1100),
(7, 7, 1300),
(8, 8, 1700),
(9, 9, 1600),
(10, 10, 1400),
(11, 11, 1500),
(12, 12, 1900),
(13, 13, 1000),
(14, 14, 1800),
(15, 15, 1600),
(16, 16, 1400),
(17, 17, 1300),
(18, 18, 1200),
(19, 19, 1100),
(20, 20, 1800),
(21, 21, 1600),
(22, 22, 1500),
(23, 23, 1700),
(24, 24, 1400),
(25, 25, 1300),
(26, 26, 1200),
(27, 27, 1100),
(28, 28, 1800),
(29, 29, 1500),
(30, 30, 1600),
(31, 31, 1400),
(32, 32, 1700),
(33, 33, 1200),
(34, 34, 1300),
(35, 35, 1800),
(36, 36, 1600),
(37, 37, 1500),
(38, 38, 1100),
(39, 39, 1400),
(40, 40, 1200);

24.Insert in Manufacture_Phone

-- Insert data into Manufacturer_Phone table
INSERT INTO Manufacturer_Phone (Manufacturer_ID, Contact_number) VALUES
(1, '9876543210'),
(2, '9876543220'),
(3, '9876543230'),
(4, '9876543240'),
(5, '9876543250'),
(6, '9876543260'),
(7, '9876543270'),
(8, '9876543280'),
(9, '9876543290'),
(10, '9876543300'),
(11, '9876543310'),
(12, '9876543320'),
(13, '9876543330'),
(14, '9876543340'),
(15, '9876543350'),
(16, '9876543360'),
(17, '9876543370'),
(18, '9876543380'),
(19, '9876543390'),
(20, '9876543400'),
(21, '9876543410'),
(22, '9876543420'),
(23, '9876543430'),
(24, '9876543440'),
(25, '9876543450'),
(26, '9876543460'),
(27, '9876543470'),
(28, '9876543480'),
(29, '9876543490'),
(30, '9876543500'),
(31, '9876543510'),
(32, '9876543520'),
(33, '9876543530'),
(34, '9876543540'),
(35, '9876543550'),
(36, '9876543560'),
(37, '9876543570'),
(38, '9876543580'),
(39, '9876543590'),
(40, '9876543600'),
(41, '9876543610'),
(42, '9876543620'),
(43, '9876543630'),
(44, '9876543640'),
(45, '9876543650'),
(46, '9876543660'),
(47, '9876543670'),
(48, '9876543680'),
(49, '9876543690'),
(50, '9876543700'),
(51, '9876543710'),
(52, '9876543720'),
(53, '9876543730'),
(54, '9876543740'),
(55, '9876543750'),
(56, '9876543760'),
(57, '9876543770'),
(58, '9876543780'),
(59, '9876543790'),
(60, '9876543800'),
(61, '9876543810'),
(62, '9876543820'),
(63, '9876543830'),
(64, '9876543840'),
(65, '9876543850'),
(66, '9876543860'),
(67, '9876543870'),
(68, '9876543880'),
(69, '9876543890'),
(70, '9876543900'),
(71, '9876543910'),
(72, '9876543920'),
(73, '9876543930'),
(74, '9876543940'),
(75, '9876543950'),
(76, '9876543960'),
(77, '9876543970'),
(78, '9876543980'),
(79, '9876543990'),
(80, '9876544000');

25.Insert in Product_Inventory

-- Insert data into Product_Inventory table
INSERT INTO Product_Inventory (Product_ID, Manufacturer_ID, Total_quantity, Available_quantity) VALUES
(1, 1, 1000, 800),
(2, 2, 1200, 1000),
(3, 3, 1100, 900),
(4, 4, 1050, 850),
(5, 5, 1150, 950),
(6, 6, 1300, 1100),
(7, 7, 1250, 1050),
(8, 8, 1400, 1200),
(9, 9, 1350, 1150),
(10, 10, 1250, 1050),
(11, 11, 1100, 900),
(12, 12, 1050, 850),
(13, 13, 1200, 1000),
(14, 14, 1300, 1100),
(15, 15, 1250, 1050),
(16, 16, 1350, 1150),
(17, 17, 1400, 1200),
(18, 18, 1450, 1250),
(19, 19, 1300, 1100),
(20, 20, 1200, 1000),
(21, 21, 1350, 1150),
(22, 22, 1250, 1050),
(23, 23, 1400, 1200),
(24, 24, 1300, 1100),
(25, 25, 1200, 1000),
(26, 26, 1250, 1050),
(27, 27, 1100, 900),
(28, 28, 1050, 850),
(29, 29, 1200, 1000),
(30, 30, 1350, 1150),
(31, 31, 1300, 1100),
(32, 32, 1400, 1200),
(33, 33, 1250, 1050),
(34, 34, 1450, 1250),
(35, 35, 1300, 1100),
(36, 36, 1200, 1000),
(37, 37, 1100, 900),
(38, 38, 1050, 850),
(39, 39, 1250, 1050),
(40, 40, 1350, 1150),
(41, 41, 1300, 1100),
(42, 42, 1200, 1000),
(43, 43, 1100, 900),
(44, 44, 1250, 1050),
(45, 45, 1300, 1100),
(46, 46, 1350, 1150),
(47, 47, 1450, 1250),
(48, 48, 1400, 1200),
(49, 49, 1300, 1100),
(50, 50, 1200, 1000),
(51, 51, 1250, 1050),
(52, 52, 1100, 900),
(53, 53, 1050, 850),
(54, 54, 1350, 1150),
(55, 55, 1400, 1200),
(56, 56, 1250, 1050),
(57, 57, 1300, 1100),
(58, 58, 1200, 1000),
(59, 59, 1250, 1050),
(60, 60, 1350, 1150),
(61, 61, 1300, 1100),
(62, 62, 1250, 1050),
(63, 63, 1400, 1200),
(64, 64, 1200, 1000),
(65, 65, 1100, 900),
(66, 66, 1050, 850),
(67, 67, 1300, 1100),
(68, 68, 1350, 1150),
(69, 69, 1450, 1250),
(70, 70, 1400, 1200),
(71, 71, 1200, 1000),
(72, 72, 1250, 1050),
(73, 73, 1300, 1100),
(74, 74, 1350, 1150),
(75, 75, 1450, 1250),
(76, 76, 1400, 1200),
(77, 77, 1250, 1050),
(78, 78, 1300, 1100),
(79, 79, 1200, 1000),
(80, 80, 1100, 900);

26.Insert in Wood_Processing

-- Insert data into Wood_Processing table
INSERT INTO Wood_Processing (Batch_ID, Facility_ID, Processing_stage_ID, Status, Quantity, Processing_Start_date, Processing_end_date) VALUES
(1, 1, 1, 'In Progress', 50, '2024-01-01', '2024-01-03'),
(2, 2, 2, 'Completed', 70, '2024-01-02', '2024-01-04'),
(3, 3, 3, 'In Progress', 30, '2024-01-03', '2024-01-05'),
(4, 4, 1, 'Completed', 40, '2024-01-04', '2024-01-06'),
(5, 5, 2, 'In Progress', 60, '2024-01-05', '2024-01-07'),
(6, 6, 3, 'In Progress', 20, '2024-01-06', '2024-01-08'),
(7, 7, 1, 'Completed', 100, '2024-01-07', '2024-01-09'),
(8, 8, 2, 'In Progress', 90, '2024-01-08', '2024-01-10'),
(9, 9, 3, 'Completed', 50, '2024-01-09', '2024-01-11'),
(10, 10, 1, 'In Progress', 80, '2024-01-10', '2024-01-12'),
(11, 11, 2, 'Completed', 60, '2024-01-11', '2024-01-13'),
(12, 12, 3, 'In Progress', 40, '2024-01-12', '2024-01-14'),
(13, 13, 1, 'Completed', 70, '2024-01-13', '2024-01-15'),
(14, 14, 2, 'In Progress', 90, '2024-01-14', '2024-01-16'),
(15, 15, 3, 'Completed', 30, '2024-01-15', '2024-01-17'),
(16, 16, 1, 'In Progress', 50, '2024-01-16', '2024-01-18'),
(17, 17, 2, 'Completed', 60, '2024-01-17', '2024-01-19'),
(18, 18, 3, 'In Progress', 80, '2024-01-18', '2024-01-20'),
(19, 19, 1, 'Completed', 55, '2024-01-19', '2024-01-21'),
(20, 20, 2, 'In Progress', 75, '2024-01-20', '2024-01-22'),
(21, 21, 3, 'Completed', 40, '2024-01-21', '2024-01-23'),
(22, 22, 1, 'In Progress', 95, '2024-01-22', '2024-01-24'),
(23, 23, 2, 'Completed', 80, '2024-01-23', '2024-01-25'),
(24, 24, 3, 'In Progress', 60, '2024-01-24', '2024-01-26'),
(25, 25, 1, 'Completed', 70, '2024-01-25', '2024-01-27'),
(26, 26, 2, 'In Progress', 100, '2024-01-26', '2024-01-28'),
(27, 27, 3, 'Completed', 90, '2024-01-27', '2024-01-29'),
(28, 28, 1, 'In Progress', 80, '2024-01-28', '2024-01-30'),
(29, 29, 2, 'Completed', 60, '2024-01-29', '2024-01-31'),
(30, 30, 3, 'In Progress', 40, '2024-01-30', '2024-02-01'),
(31, 31, 1, 'Completed', 50, '2024-02-01', '2024-02-03'),
(32, 32, 2, 'In Progress', 60, '2024-02-02', '2024-02-04'),
(33, 33, 3, 'Completed', 70, '2024-02-03', '2024-02-05'),
(34, 34, 1, 'In Progress', 90, '2024-02-04', '2024-02-06'),
(35, 35, 2, 'Completed', 50, '2024-02-05', '2024-02-07'),
(36, 36, 3, 'In Progress', 60, '2024-02-06', '2024-02-08'),
(37, 37, 1, 'Completed', 100, '2024-02-07', '2024-02-09'),
(38, 38, 2, 'In Progress', 80, '2024-02-08', '2024-02-10'),
(39, 39, 3, 'Completed', 70, '2024-02-09', '2024-02-11'),
(40, 40, 1, 'In Progress', 60, '2024-02-10', '2024-02-12'),
(1, 1, 2, 'Completed', 75, '2024-02-11', '2024-02-13'),
(2, 2, 3, 'In Progress', 85, '2024-02-12', '2024-02-14'),
(3, 3, 1, 'Completed', 55, '2024-02-13', '2024-02-15'),
(4, 4, 2, 'In Progress', 60, '2024-02-14', '2024-02-16'),
(5, 5, 3, 'Completed', 100, '2024-02-15', '2024-02-17'),
(6, 6, 1, 'In Progress', 45, '2024-02-16', '2024-02-18'),
(7, 7, 2, 'Completed', 80, '2024-02-17', '2024-02-19'),
(8, 8, 3, 'In Progress', 90, '2024-02-18', '2024-02-20'),
(9, 9, 1, 'Completed', 70, '2024-02-19', '2024-02-21'),
(10, 10, 2, 'In Progress', 60, '2024-02-20', '2024-02-22'),
(11, 11, 3, 'Completed', 80, '2024-02-21', '2024-02-23'),
(12, 12, 1, 'In Progress', 90, '2024-02-22', '2024-02-24'),
(13, 13, 2, 'Completed', 50, '2024-02-23', '2024-02-25'),
(14, 14, 3, 'In Progress', 70, '2024-02-24', '2024-02-26'),
(15, 15, 1, 'Completed', 95, '2024-02-25', '2024-02-27'),
(16, 16, 2, 'In Progress', 85, '2024-02-26', '2024-02-28'),
(17, 17, 3, 'Completed', 65, '2024-02-27', '2024-02-29'),
(18, 18, 1, 'In Progress', 55, '2024-02-28', '2024-03-01'),
(19, 19, 2, 'Completed', 75, '2024-03-01', '2024-03-03'),
(20, 20, 3, 'In Progress', 85, '2024-03-02', '2024-03-04'),
(21, 21, 1, 'Completed', 100, '2024-03-03', '2024-03-05'),
(22, 22, 2, 'In Progress', 65, '2024-03-04', '2024-03-06'),
(23, 23, 3, 'Completed', 90, '2024-03-05', '2024-03-07'),
(24, 24, 1, 'In Progress', 80, '2024-03-06', '2024-03-08');


27.Insert in Transaction

-- Insert data into Transaction table
INSERT INTO Transaction (Transaction_ID, Batch_ID, Facility_ID, Manufacturer_ID, Quantity_purchased, Purchase_date) VALUES
(1, 1, 1, 1, 500, '2024-01-01'),
(2, 2, 2, 2, 600, '2024-01-02'),
(3, 3, 3, 3, 700, '2024-01-03'),
(4, 4, 4, 4, 800, '2024-01-04'),
(5, 5, 5, 5, 550, '2024-01-05'),
(6, 6, 6, 6, 450, '2024-01-06'),
(7, 7, 7, 7, 500, '2024-01-07'),
(8, 8, 8, 8, 650, '2024-01-08'),
(9, 9, 9, 9, 750, '2024-01-09'),
(10, 10, 10, 10, 900, '2024-01-10'),
(11, 11, 11, 11, 950, '2024-01-11'),
(12, 12, 12, 12, 800, '2024-01-12'),
(13, 13, 13, 13, 700, '2024-01-13'),
(14, 14, 14, 14, 600, '2024-01-14'),
(15, 15, 15, 15, 850, '2024-01-15'),
(16, 16, 16, 16, 550, '2024-01-16'),
(17, 17, 17, 17, 900, '2024-01-17'),
(18, 18, 18, 18, 1000, '2024-01-18'),
(19, 19, 19, 19, 1100, '2024-01-19'),
(20, 20, 20, 20, 1200, '2024-01-20'),
(21, 21, 21, 21, 950, '2024-01-21'),
(22, 22, 22, 22, 1050, '2024-01-22'),
(23, 23, 23, 23, 850, '2024-01-23'),
(24, 24, 24, 24, 900, '2024-01-24'),
(25, 25, 25, 25, 800, '2024-01-25'),
(26, 26, 26, 26, 700, '2024-01-26'),
(27, 27, 27, 27, 650, '2024-01-27'),
(28, 28, 28, 28, 600, '2024-01-28'),
(29, 29, 29, 29, 550, '2024-01-29'),
(30, 30, 30, 30, 800, '2024-01-30'),
(31, 31, 31, 31, 750, '2024-01-31'),
(32, 32, 32, 32, 950, '2024-02-01'),
(33, 33, 33, 33, 1050, '2024-02-02'),
(34, 34, 34, 34, 1150, '2024-02-03'),
(35, 35, 35, 35, 1200, '2024-02-04'),
(36, 36, 36, 36, 1000, '2024-02-05'),
(37, 37, 37, 37, 1100, '2024-02-06'),
(38, 38, 38, 38, 1200, '2024-02-07'),
(39, 39, 39, 39, 1300, '2024-02-08'),
(40, 40, 40, 40, 1400, '2024-02-09'),
(41, 1, 1, 1, 600, '2024-02-10'),
(42, 2, 2, 2, 700, '2024-02-11'),
(43, 3, 3, 3, 750, '2024-02-12'),
(44, 4, 4, 4, 850, '2024-02-13'),
(45, 5, 5, 5, 950, '2024-02-14'),
(46, 6, 6, 6, 1050, '2024-02-15'),
(47, 7, 7, 7, 1150, '2024-02-16'),
(48, 8, 8, 8, 1250, '2024-02-17'),
(49, 9, 9, 9, 1350, '2024-02-18'),
(50, 10, 10, 10, 1450, '2024-02-19'),
(51, 11, 11, 11, 950, '2024-02-20'),
(52, 12, 12, 12, 850, '2024-02-21'),
(53, 13, 13, 13, 1050, '2024-02-22'),
(54, 14, 14, 14, 1150, '2024-02-23'),
(55, 15, 15, 15, 1250, '2024-02-24'),
(56, 16, 16, 16, 1300, '2024-02-25'),
(57, 17, 17, 17, 1200, '2024-02-26'),
(58, 18, 18, 18, 1300, '2024-02-27'),
(59, 19, 19, 19, 1400, '2024-02-28'),
(60, 20, 20, 20, 1500, '2024-03-01'),
(61, 21, 21, 21, 950, '2024-03-02'),
(62, 22, 22, 22, 1050, '2024-03-03'),
(63, 23, 23, 23, 1150, '2024-03-04'),
(64, 24, 24, 24, 1250, '2024-03-05'),
(65, 25, 25, 25, 1350, '2024-03-06'),
(66, 26, 26, 26, 1450, '2024-03-07'),
(67, 27, 27, 27, 1550, '2024-03-08'),
(68, 28, 28, 28, 1650, '2024-03-09'),
(69, 29, 29, 29, 1750, '2024-03-10'),
(70, 30, 30, 30, 1850, '2024-03-11'),
(71, 31, 31, 31, 1950, '2024-03-12'),
(72, 32, 32, 32, 2050, '2024-03-13'),
(73, 33, 33, 33, 2150, '2024-03-14'),
(74, 34, 34, 34, 2250, '2024-03-15'),
(75, 35, 35, 35, 2350, '2024-03-16'),
(76, 36, 36, 36, 2450, '2024-03-17'),
(77, 37, 37, 37, 2550, '2024-03-18'),
(78, 38, 38, 38, 2650, '2024-03-19'),
(79, 39, 39, 39, 2750, '2024-03-20'),
(80, 40, 40, 40, 2850, '2024-03-21');

28.Insert in Recycle

-- Insert data into Recycle table
INSERT INTO Recycle (Recycle_ID, Product_ID, Recycle_Method_ID, Recycle_date) VALUES
(1, 1, 1, '2024-01-01'),
(2, 2, 2, '2024-01-02'),
(3, 3, 3, '2024-01-03'),
(4, 4, 4, '2024-01-04'),
(5, 5, 1, '2024-01-05'),
(6, 6, 2, '2024-01-06'),
(7, 7, 3, '2024-01-07'),
(8, 8, 4, '2024-01-08'),
(9, 9, 1, '2024-01-09'),
(10, 10, 2, '2024-01-10'),
(11, 11, 3, '2024-01-11'),
(12, 12, 4, '2024-01-12'),
(13, 13, 1, '2024-01-13'),
(14, 14, 2, '2024-01-14'),
(15, 15, 3, '2024-01-15'),
(16, 16, 4, '2024-01-16'),
(17, 17, 1, '2024-01-17'),
(18, 18, 2, '2024-01-18'),
(19, 19, 3, '2024-01-19'),
(20, 20, 4, '2024-01-20'),
(21, 21, 1, '2024-01-21'),
(22, 22, 2, '2024-01-22'),
(23, 23, 3, '2024-01-23'),
(24, 24, 4, '2024-01-24'),
(25, 25, 1, '2024-01-25'),
(26, 26, 2, '2024-01-26'),
(27, 27, 3, '2024-01-27'),
(28, 28, 4, '2024-01-28'),
(29, 29, 1, '2024-01-29'),
(30, 30, 2, '2024-01-30'),
(31, 31, 3, '2024-01-31'),
(32, 32, 4, '2024-02-01'),
(33, 33, 1, '2024-02-02'),
(34, 34, 2, '2024-02-03'),
(35, 35, 3, '2024-02-04'),
(36, 36, 4, '2024-02-05'),
(37, 37, 1, '2024-02-06'),
(38, 38, 2, '2024-02-07'),
(39, 39, 3, '2024-02-08'),
(40, 40, 4, '2024-02-09'),
(41, 1, 1, '2024-02-10'),
(42, 2, 2, '2024-02-11'),
(43, 3, 3, '2024-02-12'),
(44, 4, 4, '2024-02-13'),
(45, 5, 1, '2024-02-14'),
(46, 6, 2, '2024-02-15'),
(47, 7, 3, '2024-02-16'),
(48, 8, 4, '2024-02-17'),
(49, 9, 1, '2024-02-18'),
(50, 10, 2, '2024-02-19'),
(51, 11, 3, '2024-02-20'),
(52, 12, 4, '2024-02-21'),
(53, 13, 1, '2024-02-22'),
(54, 14, 2, '2024-02-23'),
(55, 15, 3, '2024-02-24'),
(56, 16, 4, '2024-02-25'),
(57, 17, 1, '2024-02-26'),
(58, 18, 2, '2024-02-27'),
(59, 19, 3, '2024-02-28'),
(60, 20, 4, '2024-02-29'),
(61, 21, 1, '2024-03-01'),
(62, 22, 2, '2024-03-02'),
(63, 23, 3, '2024-03-03'),
(64, 24, 4, '2024-03-04'),
(65, 25, 1, '2024-03-05'),
(66, 26, 2, '2024-03-06'),
(67, 27, 3, '2024-03-07'),
(68, 28, 4, '2024-03-08'),
(69, 29, 1, '2024-03-09'),
(70, 30, 2, '2024-03-10'),
(71, 31, 3, '2024-03-11'),
(72, 32, 4, '2024-03-12'),
(73, 33, 1, '2024-03-13'),
(74, 34, 2, '2024-03-14'),
(75, 35, 3, '2024-03-15'),
(76, 36, 4, '2024-03-16'),
(77, 37, 1, '2024-03-17'),
(78, 38, 2, '2024-03-18'),
(79, 39, 3, '2024-03-19'),
(80, 40, 4, '2024-03-20');

29.Insert in Wood_Inspection

-- Insert data into Wood_Inspection table
INSERT INTO Wood_Inspection (Product_ID, Condition, Decision) VALUES
(1, 'Good', 'Approved'),
(2, 'Good', 'Approved'),
(3, 'Damaged', 'Rejected'),
(4, 'Good', 'Approved'),
(5, 'Good', 'Approved'),
(6, 'Fair', 'Approved'),
(7, 'Damaged', 'Rejected'),
(8, 'Good', 'Approved'),
(9, 'Good', 'Approved'),
(10, 'Fair', 'Approved'),
(11, 'Good', 'Approved'),
(12, 'Damaged', 'Rejected'),
(13, 'Good', 'Approved'),
(14, 'Good', 'Approved'),
(15, 'Fair', 'Approved'),
(16, 'Damaged', 'Rejected'),
(17, 'Good', 'Approved'),
(18, 'Fair', 'Approved'),
(19, 'Good', 'Approved'),
(20, 'Damaged', 'Rejected'),
(21, 'Good', 'Approved'),
(22, 'Fair', 'Approved'),
(23, 'Good', 'Approved'),
(24, 'Damaged', 'Rejected'),
(25, 'Good', 'Approved'),
(26, 'Fair', 'Approved'),
(27, 'Damaged', 'Rejected'),
(28, 'Good', 'Approved'),
(29, 'Good', 'Approved'),
(30, 'Fair', 'Approved'),
(31, 'Damaged', 'Rejected'),
(32, 'Good', 'Approved'),
(33, 'Good', 'Approved'),
(34, 'Fair', 'Approved'),
(35, 'Damaged', 'Rejected'),
(36, 'Good', 'Approved'),
(37, 'Good', 'Approved'),
(38, 'Fair', 'Approved'),
(39, 'Damaged', 'Rejected'),
(40, 'Good', 'Approved'),
(41, 'Good', 'Approved'),
(42, 'Fair', 'Approved'),
(43, 'Damaged', 'Rejected'),
(44, 'Good', 'Approved'),
(45, 'Fair', 'Approved'),
(46, 'Good', 'Approved'),
(47, 'Damaged', 'Rejected'),
(48, 'Good', 'Approved'),
(49, 'Fair', 'Approved'),
(50, 'Good', 'Approved'),
(51, 'Damaged', 'Rejected'),
(52, 'Good', 'Approved'),
(53, 'Fair', 'Approved'),
(54, 'Good', 'Approved'),
(55, 'Damaged', 'Rejected'),
(56, 'Good', 'Approved'),
(57, 'Good', 'Approved'),
(58, 'Fair', 'Approved'),
(59, 'Damaged', 'Rejected'),
(60, 'Good', 'Approved'),
(61, 'Good', 'Approved'),
(62, 'Fair', 'Approved'),
(63, 'Damaged', 'Rejected'),
(64, 'Good', 'Approved'),
(65, 'Good', 'Approved'),
(66, 'Fair', 'Approved'),
(67, 'Damaged', 'Rejected'),
(68, 'Good', 'Approved'),
(69, 'Good', 'Approved'),
(70, 'Fair', 'Approved'),
(71, 'Damaged', 'Rejected'),
(72, 'Good', 'Approved'),
(73, 'Good', 'Approved'),
(74, 'Fair', 'Approved'),
(75, 'Damaged', 'Rejected'),
(76, 'Good', 'Approved'),
(77, 'Good', 'Approved'),
(78, 'Fair', 'Approved'),
(79, 'Damaged', 'Rejected'),
(80, 'Good', 'Approved');

30.Insert in Waste_Disposal

-- Insert data into Waste_Disposal table with unique disposal_id
INSERT INTO Waste_Disposal (Disposal_ID, Product_ID, Disposal_Method_ID, Disposal_Date) VALUES
(1, 1, 1, '2024-11-01'),
(2, 2, 2, '2024-11-02'),
(3, 3, 1, '2024-11-03'),
(4, 4, 2, '2024-11-04'),
(5, 5, 1, '2024-11-05'),
(6, 6, 3, '2024-11-06'),
(7, 7, 2, '2024-11-07'),
(8, 8, 1, '2024-11-08'),
(9, 9, 3, '2024-11-09'),
(10, 10, 2, '2024-11-10'),
(11, 11, 1, '2024-11-11'),
(12, 12, 2, '2024-11-12'),
(13, 13, 3, '2024-11-13'),
(14, 14, 1, '2024-11-14'),
(15, 15, 2, '2024-11-15'),
(16, 16, 3, '2024-11-16'),
(17, 17, 1, '2024-11-17'),
(18, 18, 2, '2024-11-18'),
(19, 19, 1, '2024-11-19'),
(20, 20, 3, '2024-11-20'),
(21, 21, 2, '2024-11-21'),
(22, 22, 1, '2024-11-22'),
(23, 23, 3, '2024-11-23'),
(24, 24, 2, '2024-11-24'),
(25, 25, 1, '2024-11-25'),
(26, 26, 3, '2024-11-26'),
(27, 27, 2, '2024-11-27'),
(28, 28, 1, '2024-11-28'),
(29, 29, 3, '2024-11-29'),
(30, 30, 2, '2024-11-30'),
(31, 31, 1, '2024-12-01'),
(32, 32, 2, '2024-12-02'),
(33, 33, 3, '2024-12-03'),
(34, 34, 1, '2024-12-04'),
(35, 35, 2, '2024-12-05'),
(36, 36, 3, '2024-12-06'),
(37, 37, 1, '2024-12-07'),
(38, 38, 2, '2024-12-08'),
(39, 39, 1, '2024-12-09'),
(40, 40, 3, '2024-12-10'),
(41, 41, 2, '2024-12-11'),
(42, 42, 1, '2024-12-12'),
(43, 43, 3, '2024-12-13'),
(44, 44, 2, '2024-12-14'),
(45, 45, 1, '2024-12-15'),
(46, 46, 3, '2024-12-16'),
(47, 47, 2, '2024-12-17'),
(48, 48, 1, '2024-12-18'),
(49, 49, 3, '2024-12-19'),
(50, 50, 2, '2024-12-20'),
(51, 51, 1, '2024-12-21'),
(52, 52, 3, '2024-12-22'),
(53, 53, 2, '2024-12-23'),
(54, 54, 1, '2024-12-24'),
(55, 55, 3, '2024-12-25'),
(56, 56, 2, '2024-12-26'),
(57, 57, 1, '2024-12-27'),
(58, 58, 3, '2024-12-28'),
(59, 59, 2, '2024-12-29'),
(60, 60, 1, '2024-12-30'),
(61, 61, 3, '2025-01-01'),
(62, 62, 2, '2025-01-02'),
(63, 63, 1, '2025-01-03'),
(64, 64, 3, '2025-01-04'),
(65, 65, 2, '2025-01-05'),
(66, 66, 1, '2025-01-06'),
(67, 67, 3, '2025-01-07'),
(68, 68, 2, '2025-01-08'),
(69, 69, 1, '2025-01-09'),
(70, 70, 3, '2025-01-10'),
(71, 71, 2, '2025-01-11'),
(72, 72, 1, '2025-01-12'),
(73, 73, 3, '2025-01-13'),
(74, 74, 2, '2025-01-14'),
(75, 75, 1, '2025-01-15'),
(76, 76, 3, '2025-01-16'),
(77, 77, 2, '2025-01-17'),
(78, 78, 1, '2025-01-18'),
(79, 79, 3, '2025-01-19'),
(80, 80, 2, '2025-01-20');

